"AU_ID","UT","C1","RP","RID","RI","OI","Author_Order"
"Sobrinho, MS_1","WOS:000388274700005
","Univ Fed Pernambuco, Programa Posgrad Biol Vegetal, BR-50372970 Recife, PE, Brazil.
Univ Fed Amapa, BR-68940000 Mazagao, AP, Brazil.","","","","",1
"Tabarelli, M_1","WOS:000388274700005
","Univ Fed Pernambuco, Dept Bot, BR-50372970 Recife, PE, Brazil.","","","","",2
"Machado, IC_1","WOS:000388274700005
","Univ Fed Pernambuco, Dept Bot, BR-50372970 Recife, PE, Brazil.","","","","",3
"Sfair, JC_1","WOS:000388274700005
","Univ Fed Pernambuco, Dept Bot, BR-50372970 Recife, PE, Brazil.","","","","",4
"Bruna, EM_1","WOS:000388274700005
","Univ Florida, Dept Wildlife Ecol & Conservat, Gainesville, FL 32611 USA.","","","","",5
"Lopes, AV_1","WOS:000388274700005
","Univ Fed Pernambuco, Dept Bot, BR-50372970 Recife, PE, Brazil.","Univ Fed Pernambuco, Dept Bot, BR-50372970 Recife, PE, Brazil.","","","",6
"Mundim, FM_1","WOS:000381285900006
","Univ Florida, Dept Wildlife Ecol & Conservat, Gainesville, FL 32611 USA.","Univ Florida, Dept Wildlife Ecol & Conservat, Gainesville, FL 32611 USA.","","","",1
"Bruna, EM_2","WOS:000381285900006
","Univ Florida, Dept Wildlife Ecol & Conservat, Gainesville, FL 32611 USA.
Univ Florida, Ctr Latin Amer Studies, Gainesville, FL 32611 USA.","","","","",2
"Vieira-Neto, EHM_1","WOS:000380065600003
","Univ Florida, Dept Wildlife Ecol & Conservat, 110 Newins Ziegler Hall, Gainesville, FL 32611 USA.","Univ Florida, Dept Wildlife Ecol & Conservat, 110 Newins Ziegler Hall, Gainesville, FL 32611 USA.","","","",1
"Vasconcelos, HL_1","WOS:000380065600003
","Univ Fed Uberlandia, Inst Biol, Ave Para 1720, BR-38405320 Uberlandia, MG, Brazil.","","","","",2
"Bruna, EM_3","WOS:000380065600003
","Univ Florida, Dept Wildlife Ecol & Conservat, 110 Newins Ziegler Hall, Gainesville, FL 32611 USA.
Univ Florida, Ctr Latin Amer Studies, Gainesville, FL 32611 USA.","","","","",3
"Bruna, EM_4","WOS:000372510600001
","Univ Florida, Dept Wildlife Ecol & Conservat, Gainesville, FL USA.
Univ Florida, Ctr Latin Amer Studies, Gainesville, FL USA.","Univ Florida, Ctr Latin Amer Studies, Gainesville, FL USA.","","","",1
"Pena-Claros, M_1","WOS:000372510600001
","Wageningen Univ & Res Ctr, Forest Ecol & Forest Management Grp, Wageningen, Netherlands.
IBIF, Santa Cruz, Bolivia.","","","","",2
"Finegan, B_1","WOS:000372510600001
","Trop Agr Ctr Res & Higher Educ CATIE, Prod & Conservat Forests Programme, 7170 Cartago, Turrialba 30501, Costa Rica.","","","","",3
"Kaplin, BA_1","WOS:000372510600001
","Antioch Univ New England, Dept Environm Studies, Ctr Trop Ecol & Conservat, 40 Avon St, Keene, NH 03431 USA.","","","","",4
"Whitlock, MC_1","WOS:000369462400003
","Univ British Columbia, Dept Zool, Vancouver, BC V6T 1Z4, Canada.","Univ British Columbia, Dept Zool, Vancouver, BC V6T 1Z4, Canada.","","","",1
"Bronstein, JL_1","WOS:000369462400003
","Univ Arizona, Dept Ecol & Evolutionary Biol, Tucson, AZ 85721 USA.","","","","",2
"Bruna, EM_5","WOS:000369462400003
","Univ Florida, Dept Wildlife Ecol & Conservat, POB 110430, Gainesville, FL 32611 USA.
Univ Florida, Ctr Latin Amer Studies, POB 11530, Gainesville, FL 32611 USA.","","","Bruna,Emilio/H-2769-2012","Bruna,Emilio/0000-0003-3381-8477",3
"Ellison, AM_1","WOS:000369462400003
","Harvard Univ, Harvard Forest, Petersham, MA 01366 USA.","","","","Ellison,Aaron/0000-0003-4151-6081",4
"Fox, CW_1","WOS:000369462400003
","Univ Kentucky, Dept Entomol, Lexington, KY 40546 USA.","","","Fox, Charles/I-5274-2012","Fox,Charles/0000-0002-7545-7967",5
"McPeek, MA_1","WOS:000369462400003
","Dartmouth Coll, Dept Biol Sci, Hanover, NH 03755 USA.","","","","",6
"Moore, AJ_1","WOS:000369462400003
","Univ Georgia, Dept Genet, Athens, GA 30602 USA.","","","","",7
"Noor, MAF_1","WOS:000369462400003
","Duke Univ, Dept Biol, Durham, NC 27708 USA.","","","","",8
"Rausher, MD_1","WOS:000369462400003
","Duke Univ, Dept Biol, Durham, NC 27708 USA.","","","","",9
"Rieseberg, LH_1","WOS:000369462400003
","Univ British Columbia, Dept Bot, Vancouver, BC V6T 1Z4, Canada.","","","","Rieseberg,Loren/0000-0002-2712-2417",10
"Ritchie, MG_1","WOS:000369462400003
","Univ St Andrews, Sch Biol, St Andrews KY16 9AJ, Fife, Scotland.","","","Ritchie,Michael/F-7055-2013","Ritchie,Michael/0000-0001-7913-8675",11
"Shaw, RG_1","WOS:000369462400003
","Univ Minnesota, Dept Ecol Evolut & Behav, Minneapolis, MN 55108 USA.","","","","",12
"Fine, PVA_1","WOS:000372510300001
","Univ Calif Berkeley, Dept Integrat Biol, Berkeley, CA 94720 USA.
Univ Calif Berkeley, Univ & Jepson Herbaria, Berkeley, CA 94720 USA.","Univ Calif Berkeley, Univ & Jepson Herbaria, Berkeley, CA 94720 USA.","","","",1
"Bruna, EM_6","WOS:000372510300001
","Univ Florida, Dept Wildlife Ecol & Conservat, Gainesville, FL 32611 USA.
Univ Florida, Ctr Latin Amer Studies, Gainesville, FL 32611 USA.","","","","",2
"Bruna, EM_7","WOS:000346851400001
","Univ Florida, Dept Wildlife Ecol & Conservat, Gainesville, FL 32611 USA.
Univ Florida, Ctr Latin Amer Studies, Gainesville, FL 32611 USA.
INPA STRI, Biol Dynam Forest Fragments Project, BR-69011970 Manaus, AM, Brazil.","Univ Florida, Dept Wildlife Ecol & Conservat, Gainesville, FL 32611 USA.","","Bruna,Emilio/H-2769-2012","Bruna,Emilio/0000-0003-3381-8477",1
"Izzo, TJ_1","WOS:000346851400001
","Univ Fed Mato Grosso, IB, Dept Bot & Ecol, BR-78060900 Cuiaba, MT, Brazil.
INPA STRI, Biol Dynam Forest Fragments Project, BR-69011970 Manaus, AM, Brazil.","","","Izzo,Thiago/K-7405-2012","Izzo,Thiago/0000-0002-4613-3787",2
"Inouye, BD_1","WOS:000346851400001
","Florida State Univ, Dept Biol Sci, Tallahassee, FL 32306 USA.
INPA STRI, Biol Dynam Forest Fragments Project, BR-69011970 Manaus, AM, Brazil.","","","","",3
"Vasconcelos, HL_2","WOS:000346851400001
","Univ Fed Uberlandia UFU, Inst Biol, BR-38400902 Uberlandia, MG, Brazil.
INPA STRI, Biol Dynam Forest Fragments Project, BR-69011970 Manaus, AM, Brazil.","","","","",4
"Vasconcelos, PB_1","WOS:000343908600008
","Univ Fed Uberlandia, Inst Biol, BR-38400902 Uberlandia, MG, Brazil.","Univ Brasilia UnB, Dept Ecol, BR-70910900 Brasilia, DF, Brazil.","","","",1
"Araujo, GM_1","WOS:000343908600008
","Univ Fed Uberlandia, Inst Biol, BR-38400902 Uberlandia, MG, Brazil.","","","","",2
"Bruna, EM_8","WOS:000343908600008
","Univ Florida, Dept Wildlife Ecol & Conservat, Gainesville, FL 32611 USA.
Univ Florida, Ctr Latin Amer Studies, Gainesville, FL 32611 USA.","","","Bruna,Emilio/H-2769-2012","Bruna,Emilio/0000-0003-3381-8477",3
"Smith, MJ_1","WOS:000345204000044
","Univ Chicago, Dept Ecol & Evolut, Chicago, IL 60637 USA.
Northern Plains Ctr Human Potential, St Paul, MN USA.","Univ Chicago, Dept Ecol & Evolut, 940 E 57Th St, Chicago, IL 60637 USA.","","","",1
"Weinberger, C_1","WOS:000345204000044
","Univ Chicago, Dept Ecol & Evolut, Chicago, IL 60637 USA.","","","","",2
"Bruna, EM_9","WOS:000345204000044
","Univ Florida, Ctr Latin Amer Studies, Gainesville, FL USA.
Univ Florida, Dept Wildlife Ecol & Conservat, Gainesville, FL USA.","","","Bruna,Emilio/H-2769-2012","Bruna,Emilio/0000-0003-3381-8477",3
"Allesina, S_1","WOS:000345204000044
","Univ Chicago, Dept Ecol & Evolut, Chicago, IL 60637 USA.
Univ Chicago, Computat Inst, Chicago, IL 60637 USA.
Northern Plains Ctr Human Potential, St Paul, MN USA.","","","","",4
"Christianini, AV_1","WOS:000341179800029
","Univ Fed Sao Carlos, Dept Ciencias Ambientais, BR-18052780 Sorocaba, SP, Brazil.","Univ Fed Sao Carlos, Dept Ciencias Ambientais, BR-18052780 Sorocaba, SP, Brazil.","","Christianini,Alexander/G-9486-2012","",1
"Oliveira, PS_1","WOS:000341179800029
","Univ Estadual Campinas, Dept Biol Anim, BR-13083970 Campinas, SP, Brazil.","","","Oliveira,Paulo/E-1910-2013","",2
"Bruna, EM_10","WOS:000341179800029
","Univ Florida, Dept Wildlife Ecol & Conservat, Gainesville, FL 32611 USA.
Univ Florida, Ctr Latin Amer Studies, Gainesville, FL 32611 USA.","","","Bruna, Emilio/H-2769-2012","Bruna,Emilio/0000-0003-3381-8477",3
"Vasconcelos, HL_3","WOS:000341179800029
","Univ Fed Uberlandia, Inst Biol, BR-38400902 Uberlandia, MG, Brazil.","","","","",4
"Cho, AH_1","WOS:000347618000002
","Univ Florida, Dept Agron, Gainesville, FL 32611 USA.","","","","",1
"Johnson, SA_1","WOS:000347618000002
","Univ Florida, Sch Forest Resources & Conservat, Gainesville, FL 32611 USA.","","","","",2
"Schuman, CE_1","WOS:000347618000002
","Univ Florida, Sch Nat Resources & Environm, Gainesville, FL USA.","","","","",3
"Adler, JM_1","WOS:000347618000002
","Univ Florida, Sch Nat Resources & Environm, Gainesville, FL USA.","","","","",4
"Gonzalez, O_1","WOS:000347618000002
","Univ Florida, Sch Nat Resources & Environm, Gainesville, FL USA.","","","Gonzalez,Oscar/D-7631-2014","Gonzalez,Oscar/0000-0002-8686-3119",5
"Graves, SJ_1","WOS:000347618000002
","Univ Florida, Sch Forest Resources & Conservat, Gainesville, FL 32611 USA.","","","","",6
"Huebner, JR_1","WOS:000347618000002
","Univ Florida, Sch Nat Resources & Environm, Gainesville, FL USA.","","","","",7
"Marchant, DB_1","WOS:000347618000002
","Univ Florida, Dept Biol, Gainesville, FL USA.","","","Marchant,DanielBlaine/D-7026-2014","Marchant,DanielBlaine/0000-0003-1733-3381",8
"Rifai, SW_1","WOS:000347618000002
","Univ Florida, Sch Forest Resources & Conservat, Gainesville, FL 32611 USA.","","","","",9
"Skinner, I_1","WOS:000347618000002
","Univ Florida, Dept Wildlife Ecol & Conservat, Gainesville, FL 32611 USA.","","","","",10
"Bruna, EM_11","WOS:000347618000002
","Univ Florida, Dept Wildlife Ecol & Conservat, Gainesville, FL 32611 USA.
Univ Florida, Ctr Latin Amer Studies, Gainesville, FL USA.","Univ Florida, Dept Wildlife Ecol & Conservat, Gainesville, FL 32611 USA.","","Bruna, Emilio/H-2769-2012","Bruna, Emilio/0000-0003-3381-8477",11
"Bruna, EM_12","WOS:000338766100001
","Univ Florida, Dept Wildlife Ecol & Conservat, Gainesville, FL 32611 USA.
Univ Florida, Ctr Latin Amer Studies, Gainesville, FL 32611 USA.","Univ Florida, Dept Wildlife Ecol & Conservat, POB 110430, Gainesville, FL 32611 USA.","","Bruna,Emilio/H-2769-2012","Bruna,Emilio/0000-0003-3381-8477",1
"Bruna, EM_13","WOS:000332754900002
","Univ Florida, Dept Wildlife Ecol & Conservat, Gainesville, FL 32611 USA.
Univ Florida, Ctr Latin Amer Studies, Gainesville, FL USA.","Univ Florida, Dept Wildlife Ecol & Conservat, Gainesville, FL 32611 USA.","","Bruna,Emilio/H-2769-2012","Bruna,Emilio/0000-0003-3381-8477",1
"Araujo, GM_2","WOS:000327093200007
","Univ Fed Uberlandia, Inst Biol, BR-38400902 Uberlandia, MG, Brazil.","","","","",1
"Amaral, AF_1","WOS:000327093200007
","Univ Fed Tocantins, BR-77330000 Arraias, TO, Brazil.","","","","",2
"Bruna, EM_14","WOS:000327093200007
","Univ Florida, Dept Wildlife Ecol & Conservat, Gainesville, FL 32611 USA.","","","Bruna,Emilio/H-2769-2012","Bruna,Emilio/0000-0003-3381-8477",3
"Vasconcelos, HL_4","WOS:000327093200007
","Univ Fed Uberlandia, Inst Biol, BR-38400902 Uberlandia, MG, Brazil.","Univ Fed Uberlandia, Inst Biol, CP 593, BR-38400902 Uberlandia, MG, Brazil.","","","",4
"Cortes, MC_1","WOS:000329786700016
","Columbia Univ, Dept Ecol Evolut & Environm Biol, New York, NY 10027 USA.
Inst Nacl de Pesquisas da Amazonia, Biol Dynam Forest Fragments Project, BR-69083000 Manaus, Amazonas, Brazil.
Smithsonian Trop Res Inst, BR-69083000 Manaus, Amazonas, Brazil.","Columbia Univ, Dept Ecol Evolut & Environm Biol, 1200 Amsterdam Ave, New York, NY 10027 USA.","","","",1
"Uriarte, M_1","WOS:000329786700016
","Columbia Univ, Dept Ecol Evolut & Environm Biol, New York, NY 10027 USA.","","","","",2
"Lemes, MR_1","WOS:000329786700016
","Inst Pesquisas Jardim Bot Rio de Janeiro, BR-22460030 Rio De Janeiro, RJ, Brazil.","","","","",3
"Gribel, R_1","WOS:000329786700016
","Inst Nacl de Pesquisas da Amazonia, Lab Genet & Biol Reprod Plantas, BR-69083000 Manaus, Amazonas, Brazil.
Inst Pesquisas Jardim Bot Rio de Janeiro, BR-22460030 Rio De Janeiro, RJ, Brazil.","","","Gribel, Rogerio/C-5392-2013","Gribel,Rogerio/0000-0002-0850-5578",4
"Kress, WJ_1","WOS:000329786700016
","Smithsonian Inst, Natl Museum Nat Hist, Dept Bot, Washington, DC 20560 USA.","","","","",5
"Smouse, PE_1","WOS:000329786700016
","Rutgers State Univ, Dept Ecol Evolut & Nat Resources, New Brunswick, NJ 08901 USA.","","","","",6
"Bruna, EM_15","WOS:000329786700016
","Inst Nacl de Pesquisas da Amazonia, Biol Dynam Forest Fragments Project, BR-69083000 Manaus, Amazonas, Brazil.
Smithsonian Trop Res Inst, BR-69083000 Manaus, Amazonas, Brazil.
Univ Florida, Dept Wildlife Ecol & Conservat, Gainesville, FL 32611 USA.
Univ Florida, Ctr Latin Amer Studies, Gainesville, FL 32611 USA.","","","Bruna,Emilio/H-2769-2012","Bruna,Emilio/0000-0003-3381-8477",7
"Jurinitz, CF_1","WOS:000326333400008
","Univ Sao Paulo, Programa Posgrad Ecol, BR-05508900 Sao Paulo, Brazil.","Univ Fed Rio Grande do Sul, Programa Posgrad Ecol, Av Bento Goncalves 9500,Set 4,Predio 43422,Caixa, BR-91501970 Porto Alegre, RS, Brazil.","","","",1
"de Oliveira, AA_1","WOS:000326333400008
","Univ Sao Paulo, Programa Posgrad Ecol, BR-05508900 Sao Paulo, Brazil.","","","","",2
"Bruna, EM_16","WOS:000326333400008
","Univ Florida, Dept Wildlife Ecol & Conservat, Gainesville, FL 32611 USA.
Univ Florida, Ctr Latin Amer Studies, Gainesville, FL 32611 USA.","","","Bruna,Emilio/H-2769-2012","Bruna, Emilio/0000-0003-3381-8477",3
"Lucas, CM_1","WOS:000327305900003
","Univ Florida, Dept Wildlife Ecol & Conservat, Gainesville, FL 32611 USA.","Univ Florida, Dept Wildlife Ecol & Conservat, POB 110430, Gainesville, FL 32611 USA.","","","",1
"Bruna, EM_17","WOS:000327305900003
","Univ Florida, Dept Wildlife Ecol & Conservat, Gainesville, FL 32611 USA.
Univ Florida, Ctr Latin Amer Studies, Gainesville, FL 32611 USA.","","","Bruna,Emilio/H-2769-2012","Bruna,Emilio/0000-0003-3381-8477",2
"Nascimento, CMN_1","WOS:000327305900003
","Inst Pesquisa Ambiental Amazonia, BR-68005080 Santarem, PA, Brazil.","","","","",3
"Vasconcelos, HL_5","WOS:000313228500003
","Univ Fed Uberlandia, Inst Biol, BR-38400902 Uberlandia, MG, Brazil.","Univ Fed Uberlandia, Inst Biol, Caixa Postal 593, BR-38400902 Uberlandia, MG, Brazil.","","","",1
"Bruna, EM_18","WOS:000313228500003
","Univ Florida, Dept Wildlife Ecol & Conservat, Gainesville, FL 32611 USA.","","","Bruna,Emilio/H-2769-2012","Bruna,Emilio/0000-0003-3381-8477",2
"Passmore, HA_1","WOS:000307378500003
","Univ Florida, Dept Wildlife Ecol & Conservat, Gainesville, FL 32610 USA.","Univ Florida, Dept Wildlife Ecol & Conservat, Gainesville, FL 32610 USA.","","","",1
"Bruna, EM_19","WOS:000307378500003
","Univ Florida, Dept Wildlife Ecol & Conservat, Gainesville, FL 32610 USA.
Univ Florida, Ctr Latin Amer Studies, Gainesville, FL USA.
Inst Nacl de Pesquisas da Amazonia, Biol Dynam Forest Fragments Project, Manaus, Amazonas, Brazil.
Smithsonian Trop Res Inst, Manaus, Amazonas, Brazil.","","","Bruna,Emilio/H-2769-2012","Bruna,Emilio/0000-0003-3381-8477",2
"Heredia, SM_1","WOS:000307378500003
","Univ Calif Riverside, Dept Bot & Plant Sci, Riverside, CA 92521 USA.
Inst Nacl de Pesquisas da Amazonia, Biol Dynam Forest Fragments Project, Manaus, Amazonas, Brazil.
Smithsonian Trop Res Inst, Manaus, Amazonas, Brazil.","","","","",3
"Vasconcelos, HL_6","WOS:000307378500003
","Univ Fed Uberlandia, Inst Biol, BR-38400 Uberlandia, MG, Brazil.
Inst Nacl de Pesquisas da Amazonia, Biol Dynam Forest Fragments Project, Manaus, Amazonas, Brazil.
Smithsonian Trop Res Inst, Manaus, Amazonas, Brazil.","","","Vasconcelos,Heraldo/C-3353-2013","Vasconcelos, Heraldo/0000-0001-6969-7131",4
"Iacona, GD_1","WOS:000306461800007
","JW Jones Ecol Res Ctr, Newton, GA USA.
Univ Florida, Dept Wildlife Ecol & Conservat, Gainesville, FL USA.","Univ Tennessee, Dept Ecol & Evolutionary Biol, Knoxville, TN 37996 USA.","","Iacona,Gwenllian/G-6567-2016","",1
"Kirkman, LK_1","WOS:000306461800007
","JW Jones Ecol Res Ctr, Newton, GA USA.","","","","",2
"Bruna, EM_20","WOS:000306461800007
","Univ Florida, Dept Wildlife Ecol & Conservat, Gainesville, FL USA.
Univ Florida, Ctr Latin Amer Studies, Gainesville, FL USA.","","","Bruna,Emilio/H-2769-2012","Bruna,Emilio/0000-0003-3381-8477",3
"Copeland, SM_1","WOS:000327301200004
","Univ Florida, Dept Wildlife Ecol & Conservat, Gainesville, FL 32611 USA.","Univ Calif Davis, Dept Environm Sci & Policy, Davis, CA 95616 USA.","","","",1
"Bruna, EM_21","WOS:000327301200004
","Univ Florida, Dept Wildlife Ecol & Conservat, Gainesville, FL 32611 USA.
Univ Florida, Ctr Latin Amer Studies, Gainesville, FL 32611 USA.","","","Bruna,Emilio/H-2769-2012","Bruna,Emilio/0000-0003-3381-8477",2
"Silva, LVB_1","WOS:000327301200004
","Univ Florida, Dept Wildlife Ecol & Conservat, Gainesville, FL 32611 USA.
Univ Fed Uberlandia, Inst Biol, BR-38400902 Uberlandia, MG, Brazil.","","","","",3
"Mack, MC_1","WOS:000327301200004
","Univ Florida, Dept Biol, Gainesville, FL 32611 USA.","","","","",4
"Vasconcelos, HL_7","WOS:000327301200004
","Univ Fed Uberlandia, Inst Biol, BR-38400902 Uberlandia, MG, Brazil.","","","","",5
"Mundim, FM_2","WOS:000301705700011
","Univ Florida, Dept Wildlife Ecol & Conservat, Gainesville, FL 32611 USA.
Univ Fed Uberlandia, Inst Biol, BR-38400902 Uberlandia, MG, Brazil.","Univ Florida, Dept Wildlife Ecol & Conservat, POB 110430, Gainesville, FL 32611 USA.","","","",1
"Bruna, EM_22","WOS:000301705700011
","Univ Florida, Dept Wildlife Ecol & Conservat, Gainesville, FL 32611 USA.
Univ Florida, Ctr Latin Amer Studies, Gainesville, FL 32611 USA.","","","Bruna,Emilio/H-2769-2012","Bruna,Emilio/0000-0003-3381-8477",2
"Vieira-Neto, EHM_2","WOS:000301705700011
","Univ Florida, Dept Wildlife Ecol & Conservat, Gainesville, FL 32611 USA.","","","Vieira-Neto,ErnaneHenrique/B-3177-2016","Vieira-Neto,Ernane Henrique/0000-0002-6557-7252",3
"Vasconcelos, HL_8","WOS:000301705700011
","Univ Fed Uberlandia, Inst Biol, BR-38400902 Uberlandia, MG, Brazil.","","","Vasconcelos,Heraldo/C-3353-2013","Vasconcelos, Heraldo/0000-0001-6969-7131",4
"Bruna, EM_23","WOS:000295888800026
","Univ Florida, Dept Wildlife Ecol & Conservat, Gainesville, FL 32611 USA.
Univ Florida, Ctr Latin Amer Studies, Gainesville, FL 32611 USA.
Inst Nacl de Pesquisas da Amazonia, Biol Dynam Forest Fragments Project, BR-69011970 Manaus, AM, Brazil.
Smithsonian Trop Res Inst, BR-69011970 Manaus, AM, Brazil.","Univ Florida, Dept Wildlife Ecol & Conservat, POB 110430, Gainesville, FL 32611 USA.","","Bruna,Emilio/H-2769-2012","Bruna,Emilio/0000-0003-3381-8477",1
"de Andrade, AS_1","WOS:000295888800026
","Inst Nacl de Pesquisas da Amazonia, Biol Dynam Forest Fragments Project, BR-69011970 Manaus, AM, Brazil.
Smithsonian Trop Res Inst, BR-69011970 Manaus, AM, Brazil.","","","","",2
"Bruna, EM_24","WOS:000293558900045
","Univ Florida, Dept Wildlife Ecol & Conservat, Gainesville, FL 32610 USA.
Univ Florida, Ctr Latin Amer Studies, Gainesville, FL USA.
Inst Nacl de Pesquisas da Amazonia, Biol Dynam Forest Fragments Project, Manaus, Amazonas, Brazil.
Smithsonian Trop Res Inst, Manaus, Amazonas, Brazil.","Univ Florida, Dept Wildlife Ecol & Conservat, Gainesville, FL 32610 USA.","","Bruna,Emilio/H-2769-2012","Bruna,Emilio/0000-0003-3381-8477",1
"Izzo, TJ_2","WOS:000293558900045
","Univ Fed Mato Grosso, Dept Bot & Ecol, Cuiaba, Mato Grosso, Brazil.
Inst Nacl de Pesquisas da Amazonia, Biol Dynam Forest Fragments Project, Manaus, Amazonas, Brazil.
Smithsonian Trop Res Inst, Manaus, Amazonas, Brazil.","","","Izzo, Thiago/K-7405-2012","Izzo,Thiago/0000-0002-4613-3787",2
"Inouye, BD_2","WOS:000293558900045
","Florida State Univ, Dept Biol Sci, Tallahassee, FL 32306 USA.
Inst Nacl de Pesquisas da Amazonia, Biol Dynam Forest Fragments Project, Manaus, Amazonas, Brazil.
Smithsonian Trop Res Inst, Manaus, Amazonas, Brazil.","","","","",3
"Uriarte, M_2","WOS:000293558900045
","Columbia Univ, Dept Ecol Evolut & Environm Biol, New York, NY USA.
Inst Nacl de Pesquisas da Amazonia, Biol Dynam Forest Fragments Project, Manaus, Amazonas, Brazil.
Smithsonian Trop Res Inst, Manaus, Amazonas, Brazil.","","","Uriarte,Maria/L-8944-2013","",4
"Vasconcelos, HL_9","WOS:000293558900045
","Univ Fed Uberlandia, Inst Biol, BR-38400 Uberlandia, MG, Brazil.
Inst Nacl de Pesquisas da Amazonia, Biol Dynam Forest Fragments Project, Manaus, Amazonas, Brazil.
Smithsonian Trop Res Inst, Manaus, Amazonas, Brazil.","","","Vasconcelos,Heraldo/C-3353-2013","Vasconcelos, Heraldo/0000-0001-6969-7131",5
"Ferreira, AV_1","WOS:000292114300008
","Univ Fed Uberlandia, Inst Biol, BR-38400902 Uberlandia, MG, Brazil.","Univ Fed Uberlandia, Inst Biol, CP 593, BR-38400902 Uberlandia, MG, Brazil.","","","",1
"Bruna, EM_25","WOS:000292114300008
","Univ Florida, Ctr Latin Amer Studies, Gainesville, FL 32611 USA.","","","Bruna,Emilio/H-2769-2012","Bruna,Emilio/0000-0003-3381-8477",2
"Vasconcelos, HL_10","WOS:000292114300008
","Univ Fed Uberlandia, Inst Biol, BR-38400902 Uberlandia, MG, Brazil.","","","Vasconcelos,Heraldo/C-3353-2013","Vasconcelos, Heraldo/0000-0001-6969-7131",3
"Uriarte, M_3","WOS:000290533700014
","Columbia Univ, Dept Ecol Evolut & Environm Biol, New York, NY 10027 USA.","Columbia Univ, Dept Ecol Evolut & Environm Biol, 1200 Amsterdam Ave, New York, NY 10027 USA.","","Uriarte,Maria/L-8944-2013","",1
"Anciaes, M_1","WOS:000290533700014
","Columbia Univ, Dept Ecol Evolut & Environm Biol, New York, NY 10027 USA.
Inst Nacl de Pesquisas da Amazonia, Biol Dynam Forest Fragments Project, BR-69011970 Manaus, Amazonas, Brazil.
Smithsonian Trop Res Inst, BR-69011970 Manaus, Amazonas, Brazil.","","","","",2
"da Silva, MTB_1","WOS:000290533700014
","Inst Nacl de Pesquisas da Amazonia, Biol Dynam Forest Fragments Project, BR-69011970 Manaus, Amazonas, Brazil.
Smithsonian Trop Res Inst, BR-69011970 Manaus, Amazonas, Brazil.","","","","",3
"Rubim, P_1","WOS:000290533700014
","Inst Nacl de Pesquisas da Amazonia, Biol Dynam Forest Fragments Project, BR-69011970 Manaus, Amazonas, Brazil.
Smithsonian Trop Res Inst, BR-69011970 Manaus, Amazonas, Brazil.","","","","",4
"Johnson, E_1","WOS:000290533700014
","Louisiana State Univ, Sch Renewable Resources, Baton Rouge, LA 70803 USA.","","","","",5
"Bruna, EM_26","WOS:000290533700014
","Univ Florida, Dept Wildlife Ecol & Conservat, Gainesville, FL 32611 USA.
Univ Florida, Ctr Latin Amer Studies, Gainesville, FL 32611 USA.","","","Bruna,Emilio/H-2769-2012","Bruna,Emilio/0000-0003-3381-8477",6
"Gagnon, PR_1","WOS:000287897100023
","Univ Florida, Dept Wildlife Ecol & Conservat, Gainesville, FL 32611 USA.
INPA PDBFF, Biol Dynam Forest Fragments Project, BR-69011970 Manaus, Amazonas, Brazil.","Univ Florida, Dept Wildlife Ecol & Conservat, POB 110430, Gainesville, FL 32611 USA.","","","",1
"Bruna, EM_27","WOS:000287897100023
","Univ Florida, Dept Wildlife Ecol & Conservat, Gainesville, FL 32611 USA.
INPA PDBFF, Biol Dynam Forest Fragments Project, BR-69011970 Manaus, Amazonas, Brazil.
Univ Florida, Ctr Latin Amer Studies, Gainesville, FL 32611 USA.","","","Bruna,Emilio/H-2769-2012","Bruna,Emilio/0000-0003-3381-8477",2
"Rubim, P_2","WOS:000287897100023
","Univ Florida, Ctr Latin Amer Studies, Gainesville, FL 32611 USA.","","","","",3
"Darrigo, MR_1","WOS:000287897100023
","Univ Florida, Ctr Latin Amer Studies, Gainesville, FL 32611 USA.","","","","",4
"Littell, RC_1","WOS:000287897100023
","Univ Florida, Dept Stat, Gainesville, FL 32611 USA.","","","","",5
"Uriarte, M_4","WOS:000287897100023
","Univ Florida, Ctr Latin Amer Studies, Gainesville, FL 32611 USA.
Columbia Univ, Dept Ecol Evolut & Environm Biol, New York, NY 10027 USA.","","","Uriarte,Maria/L-8944-2013","",6
"Kress, WJ_2","WOS:000287897100023
","Smithsonian Inst, NMNH Dept Bot, Washington, DC 20013 USA.","","","","",7
"Pitman, NCA_1","WOS:000300900600007
","Amazon Conservat Assoc, Puerto Maldonado, Madre De Dios, Peru.","Duke Univ, Nicholas Sch Environm, Ctr Trop Conservat, Box 90381, Durham, NC 27708 USA.","","Pitman,Nigel/A-7681-2008","Pitman,Nigel/0000-0002-9211-2880",1
"Widmer, J_1","WOS:000300900600007
","Univ Florida, Dept Urban & Reg Planning, Gainesville, FL 32611 USA.","","","","",2
"Jenkins, CN_1","WOS:000300900600007
","Univ Maryland, Dept Biol, College Pk, MD 20742 USA.","","","Jenkins, Clinton/D-6134-2011","Jenkins,Clinton/0000-0003-2198-0637",3
"Stocks, G_1","WOS:000300900600007
","Univ Florida, Dept Anthropol, Gainesville, FL 32611 USA.
Univ Florida, Land Use & Environm Change Inst, Gainesville, FL 32611 USA.","","","","",4
"Seales, L_1","WOS:000300900600007
","Univ Florida, Sch Nat Resources & Environm, Gainesville, FL 32611 USA.","","","","",5
"Paniagua, F_1","WOS:000300900600007
","Univ Florida, Sch Nat Resources & Environm, Gainesville, FL 32611 USA.","","","","",6
"Bruna, EM_28","WOS:000300900600007
","Univ Florida, Dept Wildlife Ecol & Conservat, Gainesville, FL 32611 USA.
Univ Florida, Ctr Latin Amer Studies, Gainesville, FL 32611 USA.","","","Bruna,Emilio/H-2769-2012","Bruna,Emilio/0000-0003-3381-8477",7
"Laurance, WF_1","WOS:000287168100006
","James Cook Univ, Sch Marine & Trop Biol, Cairns, Qld 4870, Australia.
Natl Inst Amazonian Res INPA, Biol Dynam Forest Fragments Project, BR-69011970 Manaus, Amazonas, Brazil.
Smithsonian Trop Res Inst, BR-69011970 Manaus, Amazonas, Brazil.","James Cook Univ, Sch Marine & Trop Biol, Cairns, Qld 4870, Australia.","","Laurance, William/B-2709-2012","",1
"Camargo, JLC_1","WOS:000287168100006
","Natl Inst Amazonian Res INPA, Biol Dynam Forest Fragments Project, BR-69011970 Manaus, Amazonas, Brazil.
Smithsonian Trop Res Inst, BR-69011970 Manaus, Amazonas, Brazil.","","","Camargo, JoseLuis/C-3137-2015","",2
"Luizao, RCC_1","WOS:000287168100006
","Natl Inst Amazonian Res INPA, Biol Dynam Forest Fragments Project, BR-69011970 Manaus, Amazonas, Brazil.
Smithsonian Trop Res Inst, BR-69011970 Manaus, Amazonas, Brazil.
Natl Inst Amazonian Res INPA, Dept Ecol, BR-69011970 Manaus, Amazonas, Brazil.","","","","",3
"Laurance, SG_1","WOS:000287168100006
","James Cook Univ, Sch Marine & Trop Biol, Cairns, Qld 4870, Australia.
Natl Inst Amazonian Res INPA, Biol Dynam Forest Fragments Project, BR-69011970 Manaus, Amazonas, Brazil.
Smithsonian Trop Res Inst, BR-69011970 Manaus, Amazonas, Brazil.","","","Laurance,Susan/G-6021-2011","Laurance,Susan/0000-0002-2831-2933",4
"Pimm, SL_1","WOS:000287168100006
","Duke Univ, Nicholas Sch Environm, Durham, NC 27708 USA.","","","","",5
"Bruna, EM_29","WOS:000287168100006
","Univ Florida, Ctr Latin Amer Studies, Gainesville, FL 32611 USA.
Univ Florida, Dept Wildlife Ecol & Conservat, Gainesville, FL 32611 USA.","","","Bruna, Emilio/H-2769-2012","Bruna,Emilio/0000-0003-3381-8477",6
"Stouffer, PC_1","WOS:000287168100006
","Louisiana State Univ, Sch Renewable Nat Resources, Baton Rouge, LA 70803 USA.
Louisiana State Univ, LSU AgCtr, Baton Rouge, LA 70803 USA.","","","","",7
"Williamson, GB_1","WOS:000287168100006
","Louisiana State Univ, Dept Biol Sci, Baton Rouge, LA 70803 USA.","","","","",8
"Benitez-Malvido, J_1","WOS:000287168100006
","Univ Nacl Autonoma Mexico, Ecosyst Res Ctr, Morelia, Michoacan, Mexico.","","","","",9
"Vasconcelos, HL_11","WOS:000287168100006
","Univ Fed Uberlandia, Inst Biol, BR-38400902 Uberlandia, MG, Brazil.","","","Vasconcelos,Heraldo/C-3353-2013","Vasconcelos,Heraldo/0000-0001-6969-7131",10
"Van Houtan, KS_1","WOS:000287168100006
","Duke Univ, Nicholas Sch Environm, Durham, NC 27708 USA.
NOAA Fisheries, Marine Turtle Assessment Program, Honolulu, HI 96822 USA.","","","","",11
"Zartman, CE_1","WOS:000287168100006
","Natl Inst far Amazonian Res INPA, Dept Bot, BR-69011970 Manaus, Amazonas, Brazil.","","","","",12
"Boyle, SA_1","WOS:000287168100006
","Rhodes Coll, Dept Biol, Memphis, TN 38112 USA.","","","","",13
"Didham, RK_1","WOS:000287168100006
","Univ Western Australia, Sch Anim Biol, Crawley, WA 6009, Australia.
CSIRO Ecosyst Sci, Ctr Environm & Life Sci, Floreat, WA 6014, Australia.","","","Didham,Raphael/B-5953-2011","",14
"Andrade, A_1","WOS:000287168100006
","Natl Inst Amazonian Res INPA, Biol Dynam Forest Fragments Project, BR-69011970 Manaus, Amazonas, Brazil.
Smithsonian Trop Res Inst, BR-69011970 Manaus, Amazonas, Brazil.","","","","",15
"Lovejoy, TE_1","WOS:000287168100006
","Heinz Ctr, Washington, DC 20006 USA.
George Mason Univ, Dept Environm Sci & Policy, Fairfax, VA 22030 USA.","","","","",16
"Ribeiro, MBN_1","WOS:000281717200006
","Inst Nacl de Pesquisas da Amazonia, Biol Dynam Forest Fragments Project, BR-69011970 Manaus, Amazonas, Brazil.
Univ Sao Paulo, Dept Ecol, BR-05508900 Sao Paulo, Brazil.","Inst Nacl de Pesquisas da Amazonia, Dept Ecol, Av Efigenio Salles,2239 Bairro Aleixo,CP 478, BR-69060020 Manaus, Amazonas, Brazil.","","","",1
"Bruna, EM_30","WOS:000281717200006
","Inst Nacl de Pesquisas da Amazonia, Biol Dynam Forest Fragments Project, BR-69011970 Manaus, Amazonas, Brazil.
Univ Florida, Dept Wildlife Ecol & Conservat, Gainesville, FL 32611 USA.
Univ Florida, Ctr Latin Amer Studies, Gainesville, FL 32611 USA.","","","Bruna,Emilio/H-2769-2012","Bruna,Emilio/0000-0003-3381-8477",2
"Mantovani, W_1","WOS:000281717200006
","Univ Sao Paulo, Dept Ecol, BR-05508900 Sao Paulo, Brazil.","","","","",3
"Portela, RDQ_1","WOS:000279682600016
","Univ Estadual Campinas, Programa Posgrad Ecol, BR-13083970 Campinas, SP, Brazil.","Univ Fed Rio de Janeiro, Dept Ecol, Caixa Postal 68020, BR-21941590 Rio De Janeiro, Brazil.","","","",1
"Bruna, EM_31","WOS:000279682600016
","Univ Florida, Dept Wildlife Ecol & Conservat, Gainesville, FL 32611 USA.
Univ Florida, Ctr Latin Amer Studies, Gainesville, FL 32611 USA.","","","Bruna,Emilio/H-2769-2012","Bruna,Emilio/0000-0003-3381-8477",2
"dos Santos, FAM_1","WOS:000279682600016
","Univ Estadual Campinas, Inst Biol, Dept Bot, BR-13083970 Campinas, SP, Brazil.","","","","",3
"Bruna, EM_32","WOS:000279438900001
","Univ Florida, Dept Wildlife Ecol & Conservat, Gainesville, FL 32611 USA.
Univ Florida, Ctr Latin Amer Studies, Gainesville, FL 32611 USA.","Univ Florida, Dept Wildlife Ecol & Conservat, POB 110430, Gainesville, FL 32611 USA.","","Bruna,Emilio/H-2769-2012","Bruna,Emilio/0000-0003-3381-8477",1
"Uriarte, M_5","WOS:000277867600009
","Columbia Univ, Dept Ecol Evolut & Environm Biol, New York, NY 10027 USA.","Columbia Univ, Dept Ecol Evolut & Environm Biol, 1200 Amsterdam Ave, New York, NY 10027 USA.","","Uriarte,Maria/L-8944-2013","",1
"Bruna, EM_33","WOS:000277867600009
","Univ Florida, Dept Wildlife Ecol & Conservat, Gainesville, FL 32611 USA.
Univ Florida, Ctr Latin Amer Studies, Gainesville, FL 32611 USA.
Inst Nacl de Pesquisas da Amazonia, Biol Dynam Forest Fragments Project, BR-69011970 Manaus, Amazonas, Brazil.
Smithsonian Trop Res Inst, BR-69011970 Manaus, Amazonas, Brazil.","","","Bruna,Emilio/H-2769-2012","Bruna,Emilio/0000-0003-3381-8477",2
"Rubim, P_3","WOS:000277867600009
","Inst Nacl de Pesquisas da Amazonia, Biol Dynam Forest Fragments Project, BR-69011970 Manaus, Amazonas, Brazil.
Smithsonian Trop Res Inst, BR-69011970 Manaus, Amazonas, Brazil.","","","","",3
"Anciaes, M_2","WOS:000277867600009
","Inst Nacl de Pesquisas da Amazonia, Biol Dynam Forest Fragments Project, BR-69011970 Manaus, Amazonas, Brazil.
Smithsonian Trop Res Inst, BR-69011970 Manaus, Amazonas, Brazil.","","","","",4
"Jonckheere, I_1","WOS:000277867600009
","Katholieke Univ Leuven, Biosyst Dept, Geomat Grp, B-3001 Louvain, Belgium.","","","","",5
"Iacona, GD_2","WOS:000276615100017
","JW Jones Ecol Res Ctr, Newton, GA 39870 USA.
Univ Florida, Dept Wildlife Ecol & Conservat, Gainesville, FL 32611 USA.","JW Jones Ecol Res Ctr, 3988 Jones Ctr Dr, Newton, GA 39870 USA.","","Iacona,Gwenllian/G-6567-2016","",1
"Kirkman, LK_2","WOS:000276615100017
","JW Jones Ecol Res Ctr, Newton, GA 39870 USA.","","","","",2
"Bruna, EM_34","WOS:000276615100017
","Univ Florida, Dept Wildlife Ecol & Conservat, Gainesville, FL 32611 USA.
Univ Florida, Ctr Latin Amer Studies, Gainesville, FL 32611 USA.","","","Bruna,Emilio/H-2769-2012","Bruna,Emilio/0000-0003-3381-8477",3
"Fortini, LB_1","WOS:000275749600011
","Univ Florida, Sch Forest Resources & Conservat, Gainesville, FL 32611 USA.","Univ Florida, Sch Forest Resources & Conservat, POB 110760, Gainesville, FL 32611 USA.","","","",1
"Bruna, EM_35","WOS:000275749600011
","Univ Florida, Dept Wildlife Ecol & Conservat, Gainesville, FL 32611 USA.
Univ Florida, Ctr Latin Amer Studies, Gainesville, FL 32611 USA.","","","Bruna,Emilio/H-2769-2012","Bruna, Emilio/0000-0003-3381-8477",2
"Zarin, DJ_1","WOS:000275749600011
","Univ Florida, Sch Forest Resources & Conservat, Gainesville, FL 32611 USA.","","","","",3
"Vasconcelos, SS_1","WOS:000275749600011
","Embrapa Amazonia Oriental, Lab Ecofisiol & Propagacao Plantas, BR-66095100 Belem, PA, Brazil.","","","Vasconcelos,Steel/I-2067-2012","Vasconcelos,Steel/0000-0003-2364-8822",4
"Miranda, IS_1","WOS:000275749600011
","Univ Fed Rural Amazonia, BR-66077530 Belem, PA, Brazil.","","","","",5
"Fiske, IJ_1","WOS:000275123700003
","Univ Florida, Dept Wildlife Ecol & Conservat, Gainesville, FL 32611 USA.","","","","",1
"Bruna, EM_36","WOS:000275123700003
","Univ Florida, Dept Wildlife Ecol & Conservat, Gainesville, FL 32611 USA.
Univ Florida, Ctr Latin Amer Studies, Gainesville, FL 32611 USA.
Inst Nacl de Pesquisas da Amazonia, Biol Dynam Forest Fragments Project, BR-69011970 Manaus, AM, Brazil.
Smithsonian Trop Res Inst, BR-69011970 Manaus, AM, Brazil.","Univ Florida, Dept Wildlife Ecol & Conservat, POB 110430, Gainesville, FL 32611 USA.","","Bruna,Emilio/H-2769-2012","Bruna,Emilio/0000-0003-3381-8477",2
"Portela, RDQ_2","WOS:000208242200002
","Univ Estadual Campinas, Programa Posgrad Ecol, BR-13083970 Campinas, SP, Brazil.","Univ Fed Rio de Janeiro, Inst Biol, Dept Ecol, BR-21941590 Rio De Janeiro, RJ, Brazil.","","","",1
"Bruna, EM_37","WOS:000208242200002
","Univ Florida, Dept Wildlife Ecol & Conservat, Gainesville, FL 32611 USA.
Univ Florida, Ctr Latin Amer Studies, Gainesville, FL 32611 USA.","","","Bruna,Emilio/H-2769-2012","Bruna,Emilio/0000-0003-3381-8477",2
"dos Santos, FAM_2","WOS:000208242200002
","Univ Estadual Campinas, Inst Biol, Dept Bot, BR-13083970 Campinas, SP, Brazil.","","","","",3
"Vasconcelos, HL_12","WOS:000271658000007
",NA,"Univ Fed Uberlandia, Inst Biol, Av Engenheiro Dinz 1178,CP 593, BR-38400 Uberlandia, MG, Brazil.","","Vasconcelos,Heraldo/C-3353-2013","Vasconcelos, Heraldo/0000-0001-6969-7131",1
"Pacheco, R_1","WOS:000271658000007
",NA,"","","","",2
"Silva, RC_1","WOS:000271658000007
",NA,"","","","",3
"Vasconcelos, PB_2","WOS:000271658000007
",NA,"","","Vasconcelos,Heraldo/C-3353-2013","Vasconcelos, Heraldo/0000-0001-6969-7131",4
"Lopes, CT_1","WOS:000271658000007
",NA,"","","","",5
"Costa, AN_1","WOS:000271658000007
",NA,"","","Costa, Alan/F-2836-2014","Costa,Alan/0000-0002-7396-6370",6
"Bruna, EM_38","WOS:000271658000007
",NA,"","","Bruna,Emilio/H-2769-2012","Bruna,Emilio/0000-0003-3381-8477",7
"Dattilo, W_1","WOS:000269700500018
","Inst Nacl de Pesquisas da Amazonia, Biol Dynam Forest Fragments Project, Manaus, Amazonas, Brazil.
Smithsonian Trop Res Inst, Manaus, Amazonas, Brazil.
Univ Estadual Norte Fluminense, Ctr Biociencias & Biotecnol, Campos, RJ, Brazil.","","","Dattilo,Wesley/A-6371-2012","Dattilo,Wesley/0000-0002-4758-4379",1
"Izzo, TJ_3","WOS:000269700500018
","Inst Nacl de Pesquisas da Amazonia, Biol Dynam Forest Fragments Project, Manaus, Amazonas, Brazil.
Smithsonian Trop Res Inst, Manaus, Amazonas, Brazil.
Univ Florida, Dept Wildlife Ecol & Conservat, Gainesville, FL 32611 USA.","Inst Nacl de Pesquisas da Amazonia, Biol Dynam Forest Fragments Project, Manaus, Amazonas, Brazil.","","Izzo,Thiago/K-7405-2012","Izzo, Thiago/0000-0002-4613-3787",2
"Inouye, BD_3","WOS:000269700500018
","Florida State Univ, Dept Biol Sci, Tallahassee, FL 32306 USA.","","","","",3
"Vasconcelos, HL_13","WOS:000269700500018
","Univ Fed Uberlandia, Inst Biol, BR-38400 Uberlandia, MG, Brazil.","","","Vasconcelos, Heraldo/C-3353-2013","Vasconcelos,Heraldo/0000-0001-6969-7131",4
"Bruna, EM_39","WOS:000269700500018
","Univ Florida, Dept Wildlife Ecol & Conservat, Gainesville, FL 32611 USA.
Univ Florida, Ctr Latin Amer Studies, Gainesville, FL 32611 USA.","","","Bruna,Emilio/H-2769-2012","Bruna,Emilio/0000-0003-3381-8477",5
"Bruna, EM_40","WOS:000266244100019
","Univ Florida, Dept Wildlife Ecol & Conservat, Gainesville, FL 32611 USA.
Univ Florida, Ctr Latin Amer Studies, Gainesville, FL 32611 USA.
Inst Nacl de Pesquisas da Amazonia, Biol Dynam Forest Fragments Project, BR-69011 Manaus, Amazonas, Brazil.
Smithsonian Trop Res Inst, BR-69011 Manaus, Amazonas, Brazil.","Univ Florida, Dept Wildlife Ecol & Conservat, POB 110430, Gainesville, FL 32611 USA.","","Bruna,Emilio/H-2769-2012","Bruna,Emilio/0000-0003-3381-8477",1
"Fiske, IJ_2","WOS:000266244100019
","Univ Florida, Dept Wildlife Ecol & Conservat, Gainesville, FL 32611 USA.","","","","",2
"Trager, MD_1","WOS:000266244100019
","Univ Florida, Sch Nat Resources & Environm, Gainesville, FL 32611 USA.","","","","",3
"Callis, KL_1","WOS:000265358900002
","Univ Florida, Dept Wildlife Ecol & Conservat, Gainesville, FL 32611 USA.","","","","",1
"Christ, LR_1","WOS:000265358900002
","Univ Florida, Dept Wildlife Ecol & Conservat, Gainesville, FL 32611 USA.","","","","",2
"Resasco, J_1","WOS:000265358900002
","Univ Florida, Dept Wildlife Ecol & Conservat, Gainesville, FL 32611 USA.","","","","",3
"Armitage, DW_1","WOS:000265358900002
","Univ Florida, Dept Wildlife Ecol & Conservat, Gainesville, FL 32611 USA.","","","","",4
"Ash, JD_1","WOS:000265358900002
","Univ Florida, Dept Wildlife Ecol & Conservat, Gainesville, FL 32611 USA.","","","","",5
"Caughlin, TT_1","WOS:000265358900002
","Univ Florida, Dept Wildlife Ecol & Conservat, Gainesville, FL 32611 USA.","","","","",6
"Clemmensen, SF_1","WOS:000265358900002
","Univ Florida, Dept Wildlife Ecol & Conservat, Gainesville, FL 32611 USA.","","","","",7
"Copeland, SM_2","WOS:000265358900002
","Univ Florida, Dept Wildlife Ecol & Conservat, Gainesville, FL 32611 USA.","","","","",8
"Fullman, TJ_1","WOS:000265358900002
","Univ Florida, Dept Wildlife Ecol & Conservat, Gainesville, FL 32611 USA.","","","","",9
"Lynch, RL_1","WOS:000265358900002
","Univ Florida, Dept Wildlife Ecol & Conservat, Gainesville, FL 32611 USA.","","","","",10
"Olson, C_1","WOS:000265358900002
","Univ Florida, Dept Wildlife Ecol & Conservat, Gainesville, FL 32611 USA.","","","","",11
"Pruner, RA_1","WOS:000265358900002
","Univ Florida, Dept Wildlife Ecol & Conservat, Gainesville, FL 32611 USA.","","","","",12
"Vieira-Neto, EHM_3","WOS:000265358900002
","Univ Florida, Dept Wildlife Ecol & Conservat, Gainesville, FL 32611 USA.","","","Vieira-Neto,ErnaneHenrique/B-3177-2016","Vieira-Neto,Ernane Henrique/0000-0002-6557-7252",13
"West-Singh, R_1","WOS:000265358900002
","Univ Florida, Dept Wildlife Ecol & Conservat, Gainesville, FL 32611 USA.","","","","",14
"Bruna, EM_41","WOS:000265358900002
","Univ Florida, Dept Wildlife Ecol & Conservat, Gainesville, FL 32611 USA.","Univ Florida, Dept Wildlife Ecol & Conservat, POB 110430, Gainesville, FL 32611 USA.","","Bruna,Emilio/H-2769-2012","Bruna,Emilio/0000-0003-3381-8477",15
"Costa, AN_2","WOS:000264001900012
","Univ Fed Uberlandia, Inst Biol, BR-38400902 Uberlandia, MG, Brazil.","","","Costa, Alan/F-2836-2014","Costa,Alan/0000-0002-7396-6370",1
"Vasconcelos, HL_14","WOS:000264001900012
","Univ Fed Uberlandia, Inst Biol, BR-38400902 Uberlandia, MG, Brazil.","","","Vasconcelos,Heraldo/C-3353-2013","Vasconcelos, Heraldo/0000-0001-6969-7131",2
"Vieira-Neto, EHM_4","WOS:000264001900012
","Univ Fed Uberlandia, Inst Biol, BR-38400902 Uberlandia, MG, Brazil.","","","Vieira-Neto,ErnaneHenrique/B-3177-2016","Vieira-Neto,ErnaneHenrique/0000-0002-6557-7252",3
"Bruna, EM_42","WOS:000264001900012
","Univ Florida, Dept Wildlife Ecol & Conservat, Gainesville, FL 32611 USA.
Univ Florida, Ctr Latin Amer Studies, Gainesville, FL 32611 USA.","Univ Florida, Dept Wildlife Ecol & Conservat, Gainesville, FL 32611 USA.","","Bruna,Emilio/H-2769-2012","Bruna,Emilio/0000-0003-3381-8477",4
"Fiske, IJ_3","WOS:000264796600002
","Univ Florida, Dept Wildlife Ecol & Conservat, Gainesville, FL 32611 USA.","N Carolina State Univ, Dept Stat, Raleigh, NC 27695 USA.","","","",1
"Bruna, EM_43","WOS:000264796600002
","Univ Florida, Dept Wildlife Ecol & Conservat, Gainesville, FL 32611 USA.
Univ Florida, Ctr Latin American Stud, Gainesville, FL 32611 USA.
Smithsonian Trop Res Inst, Inst Nacl Pesquisas Amazonia, Biol Dynam Forest Fragments Project, Manaus, Amazonas, Brazil.","","","Bruna,Emilio/H-2769-2012","Bruna,Emilio/0000-0003-3381-8477",2
"Bolker, BM_1","WOS:000264796600002
","Univ Florida, Dept Zool, Gainesville, FL 32611 USA.","","","","",3
"Stocks, G_2","WOS:000257717500001
","Univ Florida, Dept Anthropol & Land Use, Gainesville, FL 32611 USA.
Univ Florida, Environm Change Inst, Gainesville, FL 32611 USA.","Univ Florida, Dept Anthropol & Land Use, POB 117305, Gainesville, FL 32611 USA.","","","",1
"Seales, L_2","WOS:000257717500001
","Univ Florida, Sch Nat Resources & Environm, Gainesville, FL 32611 USA.","","","","",2
"Paniagua, F_2","WOS:000257717500001
","Univ Florida, Sch Nat Resources & Environm, Gainesville, FL 32611 USA.","","","","",3
"Maehr, E_1","WOS:000257717500001
","Univ Florida, Sch Forest Resources & Conservat, Gainesville, FL 32611 USA.","","","","",4
"Bruna, EM_44","WOS:000257717500001
","Univ Florida, Dept Wildlife Ecol & Conservat, Gainesville, FL 32611 USA.
Univ Florida, Ctr Latin Amer Studies, Gainesville, FL 32611 USA.","","","Bruna,Emilio/H-2769-2012","Bruna,Emilio/0000-0003-3381-8477",5
"Bruna, EM_45","WOS:000256350300003
","Univ Florida, Dept Wildlife Ecol & Conservat, Gainesville, FL 32611 USA.
Univ Florida, Ctr Latin Amer Studies, Gainesville, FL 32611 USA.
Inst Nacl de Pesquisas da Amazonia, Biol Dynam Forest Fragments Project, BR-69011970 Manaus, Amazonas, Brazil.
Smithsonian Trop Res Inst, BR-69011970 Manaus, Amazonas, Brazil.","Univ Florida, Dept Wildlife Ecol & Conservat, Gainesville, FL 32611 USA.","","Bruna,Emilio/H-2769-2012","Bruna,Emilio/0000-0003-3381-8477",1
"Darrigo, MR_2","WOS:000256350300003
","Inst Nacl de Pesquisas da Amazonia, Biol Dynam Forest Fragments Project, BR-69011970 Manaus, Amazonas, Brazil.
Smithsonian Trop Res Inst, BR-69011970 Manaus, Amazonas, Brazil.","","","","",2
"Pacheco, AMF_1","WOS:000256350300003
","Inst Nacl de Pesquisas da Amazonia, Biol Dynam Forest Fragments Project, BR-69011970 Manaus, Amazonas, Brazil.
Smithsonian Trop Res Inst, BR-69011970 Manaus, Amazonas, Brazil.","","","","",3
"Vasconcelos, HL_15","WOS:000256350300003
","Univ Fed Uberlandia, Inst Biol, BR-38400902 Uberlandia, MG, Brazil.","","","","",4
"Morris, WF_1","WOS:000253717200003
","Duke Univ, Dept Biol, Durham, NC 27708 USA.","Duke Univ, Dept Biol, BOx 90339, Durham, NC 27708 USA.","","","",1
"Pfister, CA_1","WOS:000253717200003
","Univ Chicago, Dept Ecol & Evolut, Chicago, IL 60637 USA.","","","","",2
"Tuljapurkar, S_1","WOS:000253717200003
","Stanford Univ, Stanford, CA 94305 USA.","","","","",3
"Haridas, CV_1","WOS:000253717200003
","Stanford Univ, Stanford, CA 94305 USA.","","","","",4
"Boggs, CL_1","WOS:000253717200003
","Stanford Univ, Stanford, CA 94305 USA.","","","","",5
"Boyce, MS_1","WOS:000253717200003
","Univ Alberta, Dept Biol Sci, Edmonton, AB T6G 2E9, Canada.","","","Boyce, Mark/A-2620-2014","Boyce,Mark/0000-0001-5811-325X",6
"Bruna, EM_46","WOS:000253717200003
","Univ Florida, Dept Wildlife Ecol & Conservat, Gainesville, FL 32611 USA.
Univ Florida, Ctr Latin Amer Studies, Gainesville, FL 32611 USA.","","","Bruna,Emilio/H-2769-2012","Bruna,Emilio/0000-0003-3381-8477",7
"Church, DR_1","WOS:000253717200003
","Univ Virginia, Dept Biol, Charlottesville, VA 22904 USA.","","","","",8
"Coulson, T_1","WOS:000253717200003
","Univ London Imperial Coll Sci Technol & Med, Div Biol, Ascot SL5 7PY, Berks, England.","","","","Coulson,Tim/0000-0001-9371-9003",9
"Doak, DF_1","WOS:000253717200003
","Univ Calif Santa Cruz, Dept Ecol & Evolutionary Biol, Santa Cruz, CA 95064 USA.","","","","",10
"Forsyth, S_1","WOS:000253717200003
","Univ Arizona, Inst BIO5, Tucson, AZ 85721 USA.","","","","",11
"Gaillard, JM_1","WOS:000253717200003
","Univ Lyon 1, Lab Biometrie & Biol Evolut, Unite Mixte Rech N5558, F-69622 Villeurbanne, France.","","","","",12
"Horvitz, CC_1","WOS:000253717200003
","Univ Miami, Dept Biol, Coral Gables, FL 33124 USA.","","","","",13
"Kalisz, S_1","WOS:000253717200003
","Univ Pittsburgh, Dept Biol Sci, Pittsburgh, PA 15260 USA.","","","","",14
"Kendall, BE_1","WOS:000253717200003
","Univ Calif Santa Barbara, Donald Bren Environm Sci & Management, Santa Barbara, CA 93106 USA.","","","Kendall,Bruce/C-1871-2008","Kendall,Bruce/0000-0003-1782-8106",15
"Knight, TM_1","WOS:000253717200003
","Washington Univ, Dept Biol, St Louis, MO 63130 USA.","","","","",16
"Lee, CT_1","WOS:000253717200003
","Stanford Univ, Stanford, CA 94305 USA.","","","","",17
"Menges, ES_1","WOS:000253717200003
","Archbold Biol Stn, Lake Placid, FL 33862 USA.","","","","",18
"Girao, LC_1","WOS:000207455700016
","Univ Fed Pernambuco, Dept Bot, Programa Posgrad Biol Vegetal, Recife, PE, Brazil.","","","","",1
"Lopes, AV_2","WOS:000207455700016
","","Univ Florida, Dept Wildlife Ecol & Conservat, Gainesville, FL 32611 USA.","","Lopes,Ariadna/E-8432-2010","",2
"Tabarelli, M_2","WOS:000207455700016
","","","","Tabarelli,Marcelo/F-1088-2010","Tabarelli,Marcelo/0000-0001-7573-7216",3
"Bruna, EM_47","WOS:000207455700016
","Univ Florida, Dept Wildlife Ecol & Conservat, Gainesville, FL 32611 USA.","","","Bruna, Emilio/H-2769-2012","Bruna, Emilio/0000-0003-3381-8477",4
"Trager, MD_2","WOS:000240920400011
","Univ Florida, Sch Nat Resources & Environm, Gainesville, FL 32611 USA.","Univ Florida, Sch Nat Resources & Environm, POB 116455, Gainesville, FL 32611 USA.","","","",1
"Bruna, EM_48","WOS:000240920400011
","","","","Bruna,Emilio/H-2769-2012","Bruna,Emilio/0000-0003-3381-8477",2
"Vasconcelos, HL_16","WOS:000239634900010
","Univ Fed Uberlandia, Inst Biol, BR-38900402 Uberlandia, MG, Brazil.","Univ Fed Uberlandia, Inst Biol, CP 593, BR-38900402 Uberlandia, MG, Brazil.","","Vasconcelos,Heraldo/C-3353-2013","Vasconcelos, Heraldo/0000-0001-6969-7131",1
"Vieira-Neto, EHM_5","WOS:000239634900010
","","","","Vieira-Neto,ErnaneHenrique/B-3177-2016","Vieira-Neto,Ernane Henrique/0000-0002-6557-7252",2
"Mundim, FM_3","WOS:000239634900010
","","","","","",3
"Bruna, EM_49","WOS:000239634900010
","","","","Bruna,Emilio/H-2769-2012","Bruna,Emilio/0000-0003-3381-8477",4
