"AU_ID","UT","C1","RP","RID","RI","OI","Author_Order"
"Trueman, M_1","WOS:000286581800004
","Charles Darwin Fdn, Puerto Ayora, Galapagos, Ecuador.","Univ Western Australia, 35 Stirling Highway, Crawley, WA 6009, Australia","","","",1
"Atkinson, R_1","WOS:000286581800004
","","","","","",2
"Guezou, A_1","WOS:000286581800004
","","","","","",3
"Wurm, P_1","WOS:000286581800004
","","","","","",4
"Metz, MR_1","WOS:000285635100028
","Univ Calif Berkeley, Dept Integrat Biol, Berkeley, CA 94720 USA.","Univ Calif Berkeley, Dept Integrat Biol, Berkeley, CA 94720 USA","","","",1
"Sousa, WP_1","WOS:000285635100028
","","","","","",2
"Valencia, R_1","WOS:000285635100028
","","","","","",3
"Larrea, ML_1","WOS:000284393700003
","EcoCiencia, Quito, Ecuador.","","","","",1
"Werner, FA_1","WOS:000284393700003
","","Carl von Ossietzky Univ Oldenburg, Inst Biol & Umweltwissench, AG Funkt Okol, Carl von Ossietzkystr 9-11,POB 2503, D-26111 Oldenburg, Germany","","","",2
"Acurio, A_1","WOS:000283949700013
","Pontificia Univ Catolica Ecuador, Dept Biol Sci, Quito, Ecuador.","Pontificia Univ Catolica Ecuador, Dept Biol Sci, Apartado 17-01-2184, Quito, Ecuador","","","",1
"Rafael, V_1","WOS:000283949700013
","","","","","",2
"Dangles, O_1","WOS:000283949700013
","","","","","",3
"Castro, SA_1","WOS:000283375900003
","Univ Santiago Chile, Dept Biol, Santiago, Chile.","Univ Santiago Chile, Dept Biol, Av Lib B Ohiggins 3363, Santiago, Chile","","","",1
"Daehler, CC_1","WOS:000283375900003
","","","","","",2
"Silva, L_1","WOS:000283375900003
","","","","","",3
"Torres-Santana, CW_1","WOS:000283375900003
","","","","","",4
"Reyes-Betancort, JA_1","WOS:000283375900003
","","","","","",5
"Atkinson, R_2","WOS:000283375900003
","","","","","",6
"Jaramillo, P_1","WOS:000283375900003
","","","","","",7
"Guezou, A_2","WOS:000283375900003
","","","","","",8
"Jaksic, FM_1","WOS:000283375900003
","","","","","",9
"Gaos, AR_1","WOS:000284038500027
","Ocean Fdn, Washington, DC USA.","Ocean Fdn, Washington, DC USA","","","",1
"Abreu-Grobois, FA_1","WOS:000284038500027
","","","","","",2
"Alfaro-Shigueto, J_1","WOS:000284038500027
","ProDelphinus, Lima, Peru.
Univ Exeter, Exeter, Devon, England.","","","","",3
"Amorocho, D_1","WOS:000284038500027
","Ctr Invest El Manejo Ambiental & El Desarrollo, Cali, Colombia.","","","","",4
"Arauz, R_1","WOS:000284038500027
","Programa Restaurac Tortugas Marinas, San Jose, Costa Rica.","","","","",5
"Baquero, A_1","WOS:000284038500027
","Fdn Equilibrio Azul, Quito, Ecuador.
Univ San Francisco Quito, Quito, Ecuador.","","","","",6
"Briseno, R_1","WOS:000284038500027
","UNAM, Lab Genet & Banco Informac Tortugas Marinas, Inst Ciencias Mar & Limnol, Mazatlan, Mexico.","","","","",7
"Chacon, D_1","WOS:000284038500027
","WIDECAST Latin Amer, San Jose, Costa Rica.","","","","",8
"Duenas, C_1","WOS:000284038500027
","Minist Medio Ambiente & Recursos Nat, San Salvador, El Salvador.","","","","",9
"Hasbun, C_1","WOS:000284038500027
","USAID, Santa Elena, La Libertad, El Salvador.","","","","",10
"Liles, M_1","WOS:000284038500027
","Fdn Zool El Salvador, San Salvador, El Salvador.","","","","",11
"Mariona, G_1","WOS:000284038500027
","Fdn Zool El Salvador, San Salvador, El Salvador.","","","","",12
"Muccio, C_1","WOS:000284038500027
","Asociac Rescate & Conservac Vida Silvestre, San Lucas Sacatepequez, Guatemala.","","","","",13
"Munoz, JP_1","WOS:000284038500027
","","","","","",14
"Nichols, WJ_1","WOS:000284038500027
","","","","","",15
"Pena, M_1","WOS:000284038500027
","Fdn Equilibrio Azul, Quito, Ecuador.","","","","",16
"Seminoff, JA_1","WOS:000284038500027
","","","","","",17
"Vasquez, M_1","WOS:000284038500027
","Univ El Salvador, Inst Ciencias Mar & Limnol, San Salvador, El Salvador.","","","","",18
"Urteaga, J_1","WOS:000284038500027
","Fauna & Flora Int, Managua, Nicaragua.","","","","",19
"Wallace, B_1","WOS:000284038500027
","Conservat Int, Global Marine Div, Arlington, TX USA.","","","","",20
"Yanez, IL_1","WOS:000284038500027
","","","","","",21
"Zarate, P_1","WOS:000284038500027
","Univ Florida, Archie Carr Ctr Sea Turtle Res, Gainesville, FL USA.
Univ Florida, Dept Biol, Gainesville, FL USA.
Charles Darwin Fdn, Santa Cruz Isl, Galapagos Isl, Ecuador.","","","","",22
"Edgar, GJ_1","WOS:000281676700020
","Univ Tasmania, Tasmanian Aquaculture & Fisheries Inst, Hobart, Tas 7001, Australia.","Univ Tasmania, Tasmanian Aquaculture & Fisheries Inst, Private Bag 49, Hobart, Tas 7001, Australia","","","",1
"Banks, SA_1","WOS:000281676700020
","","","","","",2
"Brandt, M_1","WOS:000281676700020
","","","","","",3
"Bustamante, RH_1","WOS:000281676700020
","","","","","",4
"Chiriboga, A_1","WOS:000281676700020
","","","","","",5
"Earle, SA_1","WOS:000281676700020
","","","","","",6
"Garske, LE_1","WOS:000281676700020
","","","","","",7
"Glynn, PW_1","WOS:000281676700020
","","","","","",8
"Grove, JS_1","WOS:000281676700020
","","","","","",9
"Henderson, S_1","WOS:000281676700020
","","","","","",10
"Hickman, CP_1","WOS:000281676700020
","","","","","",11
"Miller, KA_1","WOS:000281676700020
","","","","","",12
"Rivera, F_1","WOS:000281676700020
","","","","","",13
"Wellington, GM_1","WOS:000281676700020
","","","","","",14
"Wullaert, H_1","WOS:000283458600003
","Johannes Gutenberg Univ Mainz, Earth Syst Sci Res Ctr, Inst Geog, Mainz, Germany.","","","","",1
"Homeier, J_1","WOS:000283458600003
","","","","","",2
"Valarezo, C_1","WOS:000283458600003
","Univ Gottingen, Albrecht von Haller Inst Plant Sci, Gottingen, Germany.
Univ Natl de Loja, Direcc Gen Invest, Sector La Argelia, Loja, Ecuador.","","","","",3
"Wilcke, W_1","WOS:000283458600003
","Univ Bern, Inst Geog, CH-3012 Bern, Switzerland.","Univ Bern, Inst Geog, Hallerstr 12, CH-3012 Bern, Switzerland","","","",4
"Tello, JS_1","WOS:000282176800018
","Louisiana State Univ, Dept Biol Sci, Baton Rouge, LA 70803 USA.","Louisiana State Univ, Dept Biol Sci, Baton Rouge, LA 70803 USA","","","",1
"Stevens, RD_1","WOS:000282176800018
","","","","","",2
"Greeney, HF_1","WOS:000281371800007
","Yanayacu Biol Stn, Quito, Ecuador.","Yanayacu Biol Stn, Foch 721 & Amazonas, Quito, Ecuador","","","",1
"Jager, H_1","WOS:000281717200012
","Tech Univ Berlin, Dept Ecol, D-12165 Berlin, Germany.","Tech Univ Berlin, Dept Ecol, Rothenburgstr 12, D-12165 Berlin, Germany","","","",1
"Kowarik, I_1","WOS:000281717200012
","","","","","",2
"Donoso, DA_1","WOS:000280962200019
","Univ Oklahoma, Dept Zool, Grad Program Ecol & Evolutionary Biol, Norman, OK 73019 USA.","Univ Oklahoma, Dept Zool, Grad Program Ecol & Evolutionary Biol, Norman, OK 73019 USA","","","",1
"Johnston, MK_1","WOS:000280962200019
","","","","","",2
"Kaspari, M_1","WOS:000280962200019
","","","","","",3
"Devineau, O_1","WOS:000277168000003
","Colorado State Univ, Dept Fish Wildlife & Conservat Biol, Ft Collins, CO USA.","Fdn Charles Darwin, Isla Santa Cruz, Galapagos, Ecuador","","","",1
"Shenk, TM_1","WOS:000277168000003
","","","","","",2
"White, GC_1","WOS:000277168000003
","","","","","",3
"Doherty, PF_1","WOS:000277168000003
","","","","","",4
"Lukacs, PM_1","WOS:000277168000003
","","","","","",5
"Kahn, RH_1","WOS:000277168000003
","","","","","",6
"Harper, GA_1","WOS:000277410800001
","Charles Darwin Fdn, Quito, Ecuador.","Rotoiti Nat Recovery Project, Dept Conservat, POB 55, St Arnaud 7053, New Zealand","","","",1
"Cabrera, LF_1","WOS:000277410800001
","","","","","",2
"Dyer, LA_1","WOS:000277289400003
","Univ Nevada, Biol Dept 0314, Reno, NV 89557 USA.","Univ Nevada, Biol Dept 0314, 1664 N Virginia St, Reno, NV 89557 USA","","","",1
"Walla, TR_1","WOS:000277289400003
","","","","","",2
"Greeney, HF_2","WOS:000277289400003
","","","","","",3
"Stireman, JO_1","WOS:000277289400003
","","","","","",4
"Hazen, RF_1","WOS:000277289400003
","","","","","",5
"DeWalt, SJ_1","WOS:000277289400006
","Clemson Univ, Dept Biol Sci, Clemson, SC 29634 USA.","Clemson Univ, Dept Biol Sci, Clemson, SC 29634 USA","","","",1
"Schnitzer, SA_1","WOS:000277289400006
","","","","","",2
"Chave, J_1","WOS:000277289400006
","","","","","",3
"Bongers, F_1","WOS:000277289400006
","","","","","",4
"Burnham, RJ_1","WOS:000277289400006
","","","","","",5
"Cai, ZQ_1","WOS:000277289400006
","","","","","",6
"Chuyong, G_1","WOS:000277289400006
","","","","","",7
"Clark, DB_1","WOS:000277289400006
","","","","","",8
"Ewango, CEN_1","WOS:000277289400006
","","","","","",9
"Gerwing, JJ_1","WOS:000277289400006
","","","","","",10
"Gortaire, E_1","WOS:000277289400006
","","","","","",11
"Hart, T_1","WOS:000277289400006
","","","","","",12
"Ibarra-Manriquez, G_1","WOS:000277289400006
","","","","","",13
"Ickes, K_1","WOS:000277289400006
","","","","","",14
"Kenfack, D_1","WOS:000277289400006
","","","","","",15
"Macia, MJ_1","WOS:000277289400006
","","","","","",16
"Makana, JR_1","WOS:000277289400006
","","","","","",17
"Martinez-Ramos, M_1","WOS:000277289400006
","","","","","",18
"Mascaro, J_1","WOS:000277289400006
","","","","","",19
"Moses, S_1","WOS:000277289400006
","","","","","",20
"Muller-Landau, HC_1","WOS:000277289400006
","","","","","",21
"Parren, MPE_1","WOS:000277289400006
","","","","","",22
"Parthasarathy, N_1","WOS:000277289400006
","","","","","",23
"Perez-Salicrup, DR_1","WOS:000277289400006
","","","","","",24
"Putz, FE_1","WOS:000277289400006
","","","","","",25
"Romero-Saltos, H_1","WOS:000277289400006
","","","","","",26
"Thomas, D_1","WOS:000277289400006
","","","","","",27
"Romero-Munoz, A_1","WOS:000277483200006
","Wildlife Conservat Soc Bolivia, Santa Cruz, Bolivia.","Calama 143, Sucre, Bolivia","","","",1
"Maffei, L_1","WOS:000277483200006
","","","","","",2
"Cuellar, E_1","WOS:000277483200006
","","","","","",3
"Noss, AJ_1","WOS:000277483200006
","","","","","",4
"Pearson, DL_1","WOS:000275877600020
","Arizona State Univ, Sch Life Sci, Tempe, AZ 85287 USA.","Arizona State Univ, Sch Life Sci, Tempe, AZ 85287 USA","","","",1
"Anderson, CD_1","WOS:000275877600020
","","","","","",2
"Mitchell, BR_1","WOS:000275877600020
","","","","","",3
"Rosenberg, MS_1","WOS:000275877600020
","","","","","",4
"Navarrete, R_1","WOS:000275877600020
","","","","","",5
"Coopmans, P_1","WOS:000275877600020
","","","","","",6
"Gibbs, JP_1","WOS:000275215700011
","SUNY Syracuse, Coll Environm Sci & Forestry, Syracuse, NY 13210 USA.","SUNY Syracuse, Coll Environm Sci & Forestry, Syracuse, NY 13210 USA","","","",1
"Sterling, EJ_1","WOS:000275215700011
","","","","","",2
"Zabala, FJ_1","WOS:000275215700011
","","","","","",3
"Cruz-Delgado, F_1","WOS:000274330800006
","Univ Autonoma Madrid, Dept Ecol, E-28049 Madrid 2, Spain.","","","","",1
"Wiedenfeld, DA_1","WOS:000274330800006
","","","","","",2
"Gonzalez, JA_1","WOS:000274330800006
","","Univ Autonoma Madrid, Dept Ecol, E-28049 Madrid 2, Spain","","","",3
"Watson, J_1","WOS:000274770200013
","Univ Queensland, Ctr Ecol, Ctr Appl Environm Decis Anal, St Lucia, Qld 4072, Australia.","Univ Queensland, Ctr Ecol, Ctr Appl Environm Decis Anal, St Lucia, Qld 4072, Australia","","","",1
"Trueman, M_2","WOS:000274770200013
","","","","","",2
"Tufet, M_1","WOS:000274770200013
","","","","","",3
"Henderson, S_2","WOS:000274770200013
","","","","","",4
"Atkinson, R_3","WOS:000274770200013
","","","","","",5
"Lamb, RW_1","WOS:000278978800016
","Oregon State Univ, Dept Zool, Corvallis, OR 97331 USA.","Univ San Francisco Quito Diego Robles & Via Inter, Cumbaya, Ecuador","","","",1
"Johnson, DW_1","WOS:000278978800016
","Oregon State Univ, Dept Zool, Corvallis, OR 97331 USA.","","","","",2
"Gardener, MR_1","WOS:000273551600003
","Charles Darwin Fdn, Puerto Ayora, Galapagos Isl, Ecuador.","Charles Darwin Fdn, Puerto Ayora, Galapagos Isl, Ecuador","","","",1
"Atkinson, R_4","WOS:000273551600003
","","","","","",2
"Renteria, JL_1","WOS:000273551600003
","","","","","",3
"Jost, L_1","WOS:000273723100007
","Univ New Orleans, Dept Biol Sci, New Orleans, LA 70148 USA.","S Amer Explorers Club, Apdo 17-21-431, Eloy Alfaro, Quito, Ecuador","","","",1
"DeVries, P_1","WOS:000273723100007
","","","","","",2
"Walla, T_1","WOS:000273723100007
","","","","","",3
"Greeney, H_1","WOS:000273723100007
","","","","","",4
"Chao, A_1","WOS:000273723100007
","","","","","",5
"Ricotta, C_1","WOS:000273723100007
","","","","","",6
"Cisneros-Heredia, DF_1","WOS:000274770200019
","Univ San Francisco Quito, Colegio Ciencias Biol & Ambiertales, Quito, Ecuador.","Univ San Francisco Quito, Colegio Ciencias Biol & Ambiertales, Campus Cumbaya,Edif Darwin,DW-010A,Casilla 17-120, Quito, Ecuador","","","",1
"Delia, J_1","WOS:000274770200019
","","","","","",2
"Yanez-Munoz, MH_1","WOS:000274770200019
","","","","","",3
"Ortega-Andrade, HM_1","WOS:000274770200019
","","","","","",4
"Linares-Palomino, R_1","WOS:000272614200010
","Univ Gottingen, Dept Systemat Bot, D-37073 Gottingen, Germany.","Univ Nacl Agr La Molina, Herbario Forestal MOL, Apartado 456, Lima 1, Peru","","","",1
"Kvist, LP_1","WOS:000272614200010
","","","","","",2
"Aguirre-Mendoza, Z_1","WOS:000272614200010
","","","","","",3
"Gonzales-Inca, C_1","WOS:000272614200010
","","","","","",4
"Knoke, T_1","WOS:000272245000018
","Tech Univ Munich, Inst Forest Management, Ctr Life & Food Sci Weihenstephan, D-8050 Freising Weihenstephan, Germany.","Tech Univ Munich, Inst Forest Management, Ctr Life & Food Sci Weihenstephan, D-8050 Freising Weihenstephan, Germany","","","",1
"Calvas, B_1","WOS:000272245000018
","","","","","",2
"Aguirre, N_1","WOS:000272245000018
","","","","","",3
"Roman-Cuesta, RM_1","WOS:000272245000018
","","","","","",4
"Gunter, S_1","WOS:000272245000018
","","","","","",5
"Stimm, B_1","WOS:000272245000018
","","","","","",6
"Weber, M_1","WOS:000272245000018
","","","","","",7
"Mosandl, R_1","WOS:000272245000018
","","","","","",8
"Treves, A_1","WOS:000272163100031
","Nelson Inst Environm Studies, Madison, WI 53706 USA.","Nelson Inst Environm Studies, 30A Sci Hall,550 N Pk St, Madison, WI 53706 USA","","","",1
"Wallace, RB_1","WOS:000272163100031
","","","","","",2
"White, S_1","WOS:000272163100031
","Fdn Cordillera Trop, Cuenca, Ecuador.","","","","",3
"Levin, II_1","WOS:000272100100043
","Univ Missouri, Dept Biol, St Louis, MO 63121 USA.","Univ Missouri, Dept Biol, 1 Univ Blvd, St Louis, MO 63121 USA","","","",1
"Outlaw, DC_1","WOS:000272100100043
","","","","","",2
"Vargas, FH_1","WOS:000272100100043
","","","","","",3
"Parker, PG_1","WOS:000272100100043
","","","","","",4
"Jager, H_2","WOS:000270787100015
","Tech Univ Berlin, Dept Ecol, D-12165 Berlin, Germany.","Tech Univ Berlin, Dept Ecol, Rothenburgstr 12, D-12165 Berlin, Germany","","","",1
"Kowarik, I_2","WOS:000270787100015
","","","","","",2
"Tye, A_1","WOS:000270787100015
","","","","","",3
"Dangles, O_2","WOS:000270425100025
","PUCE, Fac Ciencias Exactas & Nat, Quito, Ecuador.","PUCE, Fac Ciencias Exactas & Nat, Quito, Ecuador","","","",1
"Mesias, V_1","WOS:000270425100025
","","","","","",2
"Crespo-Perez, V_1","WOS:000270425100025
","","","","","",3
"Silvain, JF_1","WOS:000270425100025
","","","","","",4
"Gloor, M_1","WOS:000269577800006
","Univ Leeds, Sch Geog, Leeds LS2 9JT, W Yorkshire, England.","Univ Leeds, Sch Geog, Leeds LS2 9JT, W Yorkshire, England","","","",1
"Phillips, OL_1","WOS:000269577800006
","","","","","",2
"Lloyd, JJ_1","WOS:000269577800006
","","","","","",3
"Lewis, SL_1","WOS:000269577800006
","","","","","",4
"Malhi, Y_1","WOS:000269577800006
","Univ Oxford, Oxford, England.","","","","",5
"Baker, TR_1","WOS:000269577800006
","","","","","",6
"Lopez-Gonzalez, G_1","WOS:000269577800006
","Univ Leeds, Sch Geog, Leeds LS2 9JT, W Yorkshire, England.","","","","",7
"Peacock, J_1","WOS:000269577800006
","Univ Leeds, Sch Geog, Leeds LS2 9JT, W Yorkshire, England.","","","","",8
"Almeida, S_1","WOS:000269577800006
","Paraense Emilio Goeldi, Belem, Para, Brazil.","","","","",9
"de Oliveira, ACA_1","WOS:000269577800006
","","","","","",10
"Alvarez, E_1","WOS:000269577800006
","Columbia Univ, Medellin, Colombia.","","","","",11
"Amaral, I_1","WOS:000269577800006
","Team INPA, Manaus, Amazonas, Brazil.","","","","",12
"Arroyo, L_1","WOS:000269577800006
","Missouri Bot Garden, Santa Cruz, Bolivia.
Museo Hist Nat Noel Kempff Mercado, Santa Cruz, Bolivia.","","","","",13
"Aymard, G_1","WOS:000269577800006
","UNELLEZ Guanare, Guanare, Venezuela.","","","","",14
"Banki, O_1","WOS:000269577800006
","Univ Utrecht, NL-3508 TC Utrecht, Netherlands.","","","","",15
"Blanc, L_1","WOS:000269577800006
","UMR, Kourou, French Guiana.","","","","",16
"Bonal, D_1","WOS:000269577800006
","UMR, Kourou, French Guiana.","","","","",17
"Brando, P_1","WOS:000269577800006
","","","","","",18
"Chao, KJ_1","WOS:000269577800006
","","","","","",19
"Chave, J_2","WOS:000269577800006
","","","","","",20
"Davila, N_1","WOS:000269577800006
","","","","","",21
"Erwin, T_1","WOS:000269577800006
","Smithsonian Inst, Washington, DC 20560 USA.","","","","",22
"Silva, J_1","WOS:000269577800006
","Univ San Abad Cusco, Cuzco, Peru.","","","","",23
"Di Fiore, A_1","WOS:000269577800006
","NYU, New York, NY USA.","","","","",24
"Feldpausch, TR_1","WOS:000269577800006
","","","","","",25
"Freitas, A_1","WOS:000269577800006
","Museu Paraense Emilio Goeldi, Belem, Para, Brazil.","","","","",26
"Herrera, R_1","WOS:000269577800006
","IVIC, Caracas, Venezuela.","","","","",27
"Higuchi, N_1","WOS:000269577800006
","Inst Natl Pesquisas Amazonia, Manaus, Amazonas, Brazil.","","","","",28
"Honorio, E_1","WOS:000269577800006
","IIAP, Iquitos, Peru.","","","","",29
"Jimenez, E_1","WOS:000269577800006
","Univ Nacl Colombia, Leticia, Colombia.","","","","",30
"Killeen, T_1","WOS:000269577800006
","Conservat Int, Washington, DC USA.","","","","",31
"Laurance, W_1","WOS:000269577800006
","Smithsonian Trop Res Inst, Ancon, Panama.","","","","",32
"Mendoza, C_1","WOS:000269577800006
","Manejo Forestal Tierras Trop Bolivia, Fomabo, Sacta, Bolivia.","","","","",33
"Monteagudo, A_1","WOS:000269577800006
","Jardin Bot Missouri, Proyecto Flora Peru, Oxapampa, Peru.","","","","",34
"Andrade, A_1","WOS:000269577800006
","INPA, Manaus, Amazonas, Brazil.","","","","",35
"Neill, D_1","WOS:000269577800006
","Fdn Jatun Sacha, Quito, Ecuador.
Missouri Bot Garden, Quito, Ecuador.","","","","",36
"Nepstad, D_1","WOS:000269577800006
","Woods Hole Res Ctr, Woods Hole, MA USA.","","","","",37
"Vargas, PN_1","WOS:000269577800006
","","","","","",38
"Penuela, MC_1","WOS:000269577800006
","","","","","",39
"Cruz, AP_1","WOS:000269577800006
","","","","","",40
"Prieto, A_1","WOS:000269577800006
","Univ Nacl Colombia, Inst Ciencias Nat, Bogota, Colombia.","","","","",41
"Pitman, N_1","WOS:000269577800006
","Duke Univ, Ctr Trop Conservat, Durham, NC 27706 USA.","","","","",42
"Quesada, C_1","WOS:000269577800006
","","","","","",43
"Salomao, R_1","WOS:000269577800006
","","","","","",44
"Silveira, M_1","WOS:000269577800006
","","","","","",45
"Schwarz, M_1","WOS:000269577800006
","","","","","",46
"Stropp, J_1","WOS:000269577800006
","Univ Utrecht, NL-3508 TC Utrecht, Netherlands.","","","","",47
"Ramirez, F_1","WOS:000269577800006
","Univ Nacl Amazonia Peruana, Iquitos, Peru.","","","","",48
"Ramirez, H_1","WOS:000269577800006
","Univ Los Andes, Merida, Venezuela.","","","","",49
"Rudas, A_1","WOS:000269577800006
","Univ Nacl Colombia, Inst Ciencias Nat, Bogota, Colombia.","","","","",50
"ter Steege, H_1","WOS:000269577800006
","NHN Utrecht, Utrecht, Netherlands.","","","","",51
"Silva, N_1","WOS:000269577800006
","CIFOR, Tapajos, Brazil.
EMBRAPA Amazonia Oriental, Belem, Para, Brazil.","","","","",52
"Torres, A_1","WOS:000269577800006
","Univ Los Andes, Merida, Venezuela.","","","","",53
"Terborgh, J_1","WOS:000269577800006
","","","","","",54
"Vasquez, R_1","WOS:000269577800006
","Jardin Bot Missouri, Proyecto Flora Peru, Oxapampa, Peru.","","","","",55
"van der Heijden, G_1","WOS:000269577800006
","","","","","",56
"Valencia, R_2","WOS:000269168700003
","Pontificia Univ Catolica Ecuador, Lab Ecol Plantas & Herbario QCA, Escuela Ciencias Biol, Quito, Ecuador.","Pontificia Univ Catolica Ecuador, Lab Ecol Plantas & Herbario QCA, Escuela Ciencias Biol, Apartado 17-01-2184, Quito, Ecuador","","","",1
"Condit, R_1","WOS:000269168700003
","","","","","",2
"Muller-Landau, HC_2","WOS:000269168700003
","","","","","",3
"Hernandez, C_1","WOS:000269168700003
","","","","","",4
"Navarrete, H_1","WOS:000269168700003
","","","","","",5
"Stegen, JC_1","WOS:000268792000010
","Univ Arizona, Dept Ecol & Evolutionary Biol, Tucson, AZ 85721 USA.","1041 E Lowell St,Biosci W Room 310, Tucson, AZ 85721 USA","","","",1
"Swenson, NG_1","WOS:000268792000010
","","","","","",2
"Valencia, R_3","WOS:000268792000010
","","","","","",3
"Enquist, BJ_1","WOS:000268792000010
","","","","","",4
"Thompson, J_1","WOS:000268792000010
","","","","","",5
"Mordecai, RS_1","WOS:000268190300011
","Univ Georgia, Sch Forestry & Nat Resources, Athens, GA 30602 USA.","Univ Georgia, Sch Forestry & Nat Resources, Athens, GA 30602 USA","","","",1
"Cooper, RJ_1","WOS:000268190300011
","","","","","",2
"Justicia, R_1","WOS:000268190300011
","","","","","",3
"Suarez, E_1","WOS:000268027900016
","Ecuador Program, Wildlife Conservat Soc, Quito, Ecuador.
Wildlife Conservat Soc, Ecuador Program, Quito, Ecuador.","Univ San Francisco Quito, IDEAS, Campus Cumbaya,Diego de Robles & Via Interocean,P, Quito, Ecuador","","","",1
"Morales, M_1","WOS:000268027900016
","Ecuador Program, Wildlife Conservat Soc, Quito, Ecuador.
Wildlife Conservat Soc, Ecuador Program, Quito, Ecuador.","","","","",2
"Cueva, R_1","WOS:000268027900016
","Ecuador Program, Wildlife Conservat Soc, Quito, Ecuador.
Wildlife Conservat Soc, Ecuador Program, Quito, Ecuador.","","","","",3
"Bucheli, VU_1","WOS:000268027900016
","","","","","",4
"Zapata-Rios, G_1","WOS:000268027900016
","Ecuador Program, Wildlife Conservat Soc, Quito, Ecuador.
Wildlife Conservat Soc, Ecuador Program, Quito, Ecuador.","","","","",5
"Toral, E_1","WOS:000268027900016
","Ecuador Program, Wildlife Conservat Soc, Quito, Ecuador.
Wildlife Conservat Soc, Ecuador Program, Quito, Ecuador.","","","","",6
"Torres, J_1","WOS:000268027900016
","Ecuador Program, Wildlife Conservat Soc, Quito, Ecuador.
Wildlife Conservat Soc, Ecuador Program, Quito, Ecuador.","","","","",7
"Prado, W_1","WOS:000268027900016
","Ecuador Program, Wildlife Conservat Soc, Quito, Ecuador.
Wildlife Conservat Soc, Ecuador Program, Quito, Ecuador.","","","","",8
"Olalla, JV_1","WOS:000268027900016
","","","","","",9
"Zapata-Rios, G_2","WOS:000268970300018
","Wildlife Conservat Soc Ecuador Program, Quito, Ecuador.","Wildlife Conservat Soc Ecuador Program, Eloy Alfaro N37-224 & Coremo,Apartado Postal 17-2, Quito, Ecuador","","","",1
"Urgiles, C_1","WOS:000268970300018
","","","","","",2
"Suarez, E_2","WOS:000268970300018
","","","","","",3
"Haro-Carrion, X_1","WOS:000267538200016
","Pontificia Univ Catolica Ecuador, Herbario QCA, Escuela Ciencias Biol, Quito, Ecuador.","Univ Florida, Dept Biol, Bartram Hall 511,POB 118525, Gainesville, FL 32611 USA","","","",1
"Lozada, T_1","WOS:000267538200016
","","","","","",2
"Navarrete, H_2","WOS:000267538200016
","","","","","",3
"de Koning, GHJ_1","WOS:000267538200016
","","","","","",4
"Andrus, N_1","WOS:000266242800007
","Florida Int Univ, Dept Biol Sci, Miami, FL 33199 USA.","","","","",1
"Tye, A_2","WOS:000266242800007
","","","","","",2
"Nesom, G_1","WOS:000266242800007
","","","","","",3
"Bogler, D_1","WOS:000266242800007
","","","","","",4
"Lewis, C_1","WOS:000266242800007
","","","","","",5
"Noyes, R_1","WOS:000266242800007
","","","","","",6
"Jaramillo, P_2","WOS:000266242800007
","","","","","",7
"Francisco-Ortega, J_1","WOS:000266242800007
","","Florida Int Univ, Dept Biol Sci, Miami, FL 33199 USA","","","",8
"Dallimer, M_1","WOS:000265980700008
","Univ Sheffield, Dept Anim & Plant Sci, Biodivers & Macroecol Grp BIOME, Sheffield S10 2TN, S Yorkshire, England.","Univ Sheffield, Dept Anim & Plant Sci, Biodivers & Macroecol Grp BIOME, Sheffield S10 2TN, S Yorkshire, England","","","",1
"King, T_1","WOS:000265980700008
","Aspinall Fdn, Hythe, Kent, England.","","","","",2
"Atkinson, RJ_1","WOS:000265980700008
","","","","","",3
"Queenborough, SA_1","WOS:000265035400018
","Univ Sheffield, Dept Anim & Plant Sci, Western Bank, Sheffield S10 2TN, S Yorkshire, England.","Univ Sheffield, Dept Anim & Plant Sci, Western Bank, Sheffield S10 2TN, S Yorkshire, England","","","",1
"Mazer, SJ_1","WOS:000265035400018
","","","","","",2
"Vamosi, SM_1","WOS:000265035400018
","","","","","",3
"Garwood, NC_1","WOS:000265035400018
","","","","","",4
"Valencia, R_4","WOS:000265035400018
","","","","","",5
"Freckleton, RP_1","WOS:000265035400018
","","","","","",6
"Wilcke, W_2","WOS:000263712800013
","Johannes Gutenberg Univ Mainz, Inst Geog, D-55099 Mainz, Germany.","Johannes Gutenberg Univ Mainz, Inst Geog, D-55099 Mainz, Germany","","","",1
"Guenter, S_1","WOS:000263712800013
","","","","","",2
"Alt, F_1","WOS:000263712800013
","","","","","",3
"Geissler, C_1","WOS:000263712800013
","","","","","",4
"Boy, J_1","WOS:000263712800013
","","","","","",5
"Knuth, J_1","WOS:000263712800013
","","","","","",6
"Oelmann, Y_1","WOS:000263712800013
","","","","","",7
"Weber, M_2","WOS:000263712800013
","","","","","",8
"Valarezo, C_2","WOS:000263712800013
","","","","","",9
"Mosandl, R_2","WOS:000263712800013
","","","","","",10
"Wilson, RP_1","WOS:000260310400008
","Univ Wales Swansea, Sch Environm & Soc, Swansea SA2 8PP, W Glam, Wales.","Univ Wales Swansea, Sch Environm & Soc, Singleton Pk, Swansea SA2 8PP, W Glam, Wales","","","",1
"Vargas, FH_2","WOS:000260310400008
","","","","","",2
"Steinfurth, A_1","WOS:000260310400008
","","","","","",3
"Riordan, P_1","WOS:000260310400008
","","","","","",4
"Ropert-Coudert, Y_1","WOS:000260310400008
","","","","","",5
"Macdonald, DW_1","WOS:000260310400008
","","","","","",6
"Deem, SL_1","WOS:000260132700002
","St Louis Zoo, WildCare Inst, St Louis, MO 63110 USA.","St Louis Zoo, WildCare Inst, 1 Govt Dr, St Louis, MO 63110 USA","","","",1
"Parker, PG_2","WOS:000260132700002
","","","","","",2
"Miller, RE_1","WOS:000260132700002
","","","","","",3
"Vargas, FH_3","WOS:000260192900004
","Peregrine Fund Fondo Peregrino Panama, Panama City, Panama.","Peregrine Fund Fondo Peregrino Panama, Apartado 0844-00230, Panama City, Panama","","","",1
"Barlow, S_1","WOS:000260192900004
","Univ Oxford, Dept Zool, Behav Ecol Res Grp, Oxford OX1 3PS, England.","","","","",2
"Hart, T_2","WOS:000260192900004
","Inst Zool, London, England.
Imperial Coll Silwood Pk, Ascot, Berks, England.
British Antarctic Survey, Cambridge CB3 0ET, England.","","","","",3
"Jimenez-Uzcategui, G_1","WOS:000260192900004
","CDRS, Isla Santa Cruz, Galapagos, Ecuador.","","","","",4
"Chavez, J_1","WOS:000260192900004
","Parque Nacl Galapagos, Isla Santa Cruz, Galapagos, Ecuador.","","","","",5
"Naranjo, S_1","WOS:000260192900004
","Parque Nacl Galapagos, Isla Santa Cruz, Galapagos, Ecuador.","","","","",6
"Macdonald, DW_2","WOS:000260192900004
","","","","","",7
"Guerra, MA_1","WOS:000260970700010
","Pontificia Univ Catolica Ecuador, Ctr Biodiversidad & Ambiente, Museo Zool, Quito, Ecuador.","Univ Texas Austin, Sect Integrat Biol, Patterson Labs, 1 Univ Stn C0930, Austin, TX 78712 USA","","","",1
"Ron, SR_1","WOS:000260970700010
","","","","","",2
"Dangles, O_3","WOS:000259555900019
","Pontificia Univ Catolica Ecuador, Fac Ciencias Exactas & Nat, Entomol Lab, Quito, Ecuador.
CNRS, UPR 9034, Lab Evolut Genomes & Speciat, IRD,UR 072, F-91198 Gif Sur Yvette, France.
Univ Paris 11, F-91405 Orsay, France.","Pontificia Univ Catolica Ecuador, Fac Ciencias Exactas & Nat, Entomol Lab, Quito, Ecuador","","","",1
"Carpio, C_1","WOS:000259555900019
","Pontificia Univ Catolica Ecuador, Fac Ciencias Exactas & Nat, Entomol Lab, Quito, Ecuador.","","","","",2
"Barragan, AR_1","WOS:000259555900019
","","","","","",3
"Zeddam, JL_1","WOS:000259555900019
","","","","","",4
"Silvain, JF_2","WOS:000259555900019
","","","","","",5
"Hardy, OJ_1","WOS:000258379800002
","Univ Libre Bruxelles, Fac Sci, Behav & Evolutionary Ecol Unit, Brussels, Belgium.","Univ Libre Bruxelles, Fac Sci, Behav & Evolutionary Ecol Unit, CP 160-12, Brussels, Belgium","","","",1
"Jost, L_2","WOS:000258379800002
","","","","","",2
"Pitman, NCA_1","WOS:000258581100001
","Duke Univ, Nicholas Sch Environm & Earth Sci, Ctr Trop Conservat, Durham, NC 27708 USA.","Asociac Conservac Cuenca Amazon, Jiron Cusco 499, Puerto Maldonado, Madre Dios, Peru","","","",1
"Mogollon, H_1","WOS:000258581100001
","","","","","",2
"Davila, N_2","WOS:000258581100001
","","","","","",3
"Rios, M_1","WOS:000258581100001
","","","","","",4
"Garcia-Villacorta, R_1","WOS:000258581100001
","","","","","",5
"Guevara, J_1","WOS:000258581100001
","","","","","",6
"Baker, TR_2","WOS:000258581100001
","","","","","",7
"Monteagudo, A_2","WOS:000258581100001
","","","","","",8
"Phillips, OL_2","WOS:000258581100001
","","","","","",9
"Vasquez-Martinez, R_1","WOS:000258581100001
","","","","","",10
"Ahuite, M_1","WOS:000258581100001
","","","","","",11
"Aulestia, M_1","WOS:000258581100001
","","","","","",12
"Cardenas, D_1","WOS:000258581100001
","","","","","",13
"Ceron, CE_1","WOS:000258581100001
","","","","","",14
"Loizeau, PA_1","WOS:000258581100001
","","","","","",15
"Neill, DA_1","WOS:000258581100001
","","","","","",16
"Percy, NV_1","WOS:000258581100001
","","","","","",17
"Palacios, WA_1","WOS:000258581100001
","","","","","",18
"Spichiger, R_1","WOS:000258581100001
","","","","","",19
"Valderrama, E_1","WOS:000258581100001
","","","","","",20
"Morlon, H_1","WOS:000259263000003
","Univ Calif, Sch Nat Sci, Merced, CA USA.","Univ Oregon, Ctr Ecol & Evolutionary Biol, Eugene, OR 97403 USA","","","",1
"Chuyong, G_2","WOS:000259263000003
","","","","","",2
"Condit, R_2","WOS:000259263000003
","","","","","",3
"Hubbell, S_1","WOS:000259263000003
","","","","","",4
"Kenfack, D_2","WOS:000259263000003
","","","","","",5
"Thomas, D_2","WOS:000259263000003
","","","","","",6
"Valencia, R_5","WOS:000259263000003
","","","","","",7
"Green, JL_1","WOS:000259263000003
","","","","","",8
"Guenter, S_2","WOS:000256599700002
","Tech Univ Munich, Ctr Life & Food Sci Weihenstephan, Inst Silviculture, D-8000 Munich, Germany.","Lehrstuhl Waldbau, Hochanger 13, D-85354 Freising Weihenstephan, Germany","","","",1
"Stimm, B_2","WOS:000256599700002
","","","","","",2
"Cabrera, M_1","WOS:000256599700002
","","","","","",3
"Diaz, ML_1","WOS:000256599700002
","","","","","",4
"Lojan, M_1","WOS:000256599700002
","","","","","",5
"Ordonez, E_1","WOS:000256599700002
","","","","","",6
"Richter, M_1","WOS:000256599700002
","","","","","",7
"Weber, M_3","WOS:000256599700002
","","","","","",8
"Tello, JS_2","WOS:000255465100006
","Louisiana State Univ, Dept Biol Sci, Baton Rouge, LA 70803 USA.","Louisiana State Univ, Dept Biol Sci, 107 Life Sci Bldg, Baton Rouge, LA 70803 USA","","","",1
"Stevens, RD_2","WOS:000255465100006
","","","","","",2
"Dick, CW_1","WOS:000255465100006
","","","","","",3
"Cierjacks, A_1","WOS:000254195100006
","Univ Halle Wittenberg, Inst Biol, Geobot & Bot Garden, D-06108 Halle, Germany.","Univ Halle Wittenberg, Inst Biol, Geobot & Bot Garden, Kirchtor 1, D-06108 Halle, Germany","","","",1
"Salgado, S_1","WOS:000254195100006
","","","","","",2
"Wesche, K_1","WOS:000254195100006
","","","","","",3
"Hensen, I_1","WOS:000254195100006
","","","","","",4
"Gibbs, JP_2","WOS:000254194900011
","SUNY Syracuse, Coll Environm Sci & Forestry, Syracuse, NY 13210 USA.","SUNY Syracuse, Coll Environm Sci & Forestry, Syracuse, NY 13210 USA","","","",1
"Marquez, C_1","WOS:000254194900011
","","","","","",2
"Sterling, EJ_2","WOS:000254194900011
","","","","","",3
"Puillandre, N_1","WOS:000253198500006
","Museum Natl Hist Nat, Dept Syst & Evolut, Serv Syst Mol,UMR Systemat Adaptat Evolut 7138, CNRS,IFR 01,UPMC,IRD,MNHN, F-75231 Paris, France.
CNRS, Lab EGS, IRD, UR 072,Biodiversite & Evolut Complexes Plantes In, Gif Sur Yvette, France.","Museum Natl Hist Nat, Dept Syst & Evolut, Serv Syst Mol,UMR Systemat Adaptat Evolut 7138, CNRS,IFR 01,UPMC,IRD,MNHN, 57 Rue Cuvier, F-75231 Paris, France","","","",1
"Dupas, S_1","WOS:000253198500006
","CNRS, Lab EGS, IRD, UR 072,Biodiversite & Evolut Complexes Plantes In, Gif Sur Yvette, France.","","","","",2
"Dangles, O_4","WOS:000253198500006
","CNRS, Lab EGS, IRD, UR 072,Biodiversite & Evolut Complexes Plantes In, Gif Sur Yvette, France.
Pontificia Univ Catolica Ecuador, Lab Bioquim & Microbiol Mol, IRD, Quito, Ecuador.","","","","",3
"Zeddam, JL_2","WOS:000253198500006
","","","","","",4
"Capdevielle-Dulac, C_1","WOS:000253198500006
","CNRS, Lab EGS, IRD, UR 072,Biodiversite & Evolut Complexes Plantes In, Gif Sur Yvette, France.","","","","",5
"Barbin, K_1","WOS:000253198500006
","CNRS, Lab EGS, IRD, UR 072,Biodiversite & Evolut Complexes Plantes In, Gif Sur Yvette, France.","","","","",6
"Torres-Leguizamon, M_1","WOS:000253198500006
","CNRS, Lab EGS, IRD, UR 072,Biodiversite & Evolut Complexes Plantes In, Gif Sur Yvette, France.","","","","",7
"Silvain, JF_3","WOS:000253198500006
","","","","","",8
"Kottke, I_1","WOS:000253080500003
","Univ Tubingen, Spezielle Bot Mykol & Bot Garden, D-72076 Tubingen, Germany.","Univ Tubingen, Spezielle Bot Mykol & Bot Garden, Morgenstelle 1, D-72076 Tubingen, Germany","","","",1
"Haug, I_1","WOS:000253080500003
","","","","","",2
"Setaro, S_1","WOS:000253080500003
","","","","","",3
"Suarez, JP_1","WOS:000253080500003
","","","","","",4
"Weiss, M_1","WOS:000253080500003
","","","","","",5
"Preussing, M_1","WOS:000253080500003
","","","","","",6
"Nebel, M_1","WOS:000253080500003
","","","","","",7
"Oberwinkler, F_1","WOS:000253080500003
","","","","","",8
"Villegas-Amtmann, S_1","WOS:000258359700024
","Univ Calif Santa Cruz, Dept Ecol & Evolutionary Biol, Long Marine Lab, Santa Cruz, CA 95060 USA.","Univ Calif Santa Cruz, Dept Ecol & Evolutionary Biol, Long Marine Lab, 100 Shaffer Rd, Santa Cruz, CA 95060 USA","","","",1
"Costa, DP_1","WOS:000258359700024
","","","","","",2
"Tremblay, Y_1","WOS:000258359700024
","","","","","",3
"Salazar, S_1","WOS:000258359700024
","","","","","",4
"Aurioles-Gamboa, D_1","WOS:000258359700024
","","","","","",5
"Jacobsen, D_1","WOS:000251489000016
","Univ Copenhagen, Freshwater Biol Lab, Inst Biol, DK-3400 Hillerod, Denmark.","Univ Copenhagen, Freshwater Biol Lab, Inst Biol, Helsingorsgade 51, DK-3400 Hillerod, Denmark","","","",1
"Lozada, T_2","WOS:000251584500007
","Univ Gottingen, Inst Agroecol, D-37073 Gottingen, Germany.","Box 17116326,La Rabida N26-52, Quito, Ecuador","","","",1
"de Koning, GHJ_2","WOS:000251584500007
","","","","","",2
"Kessler, M_1","WOS:000251584500007
","","","","","",3
"Klein, AM_1","WOS:000251584500007
","","","","","",4
"Tscharntke, T_1","WOS:000251584500007
","","","","","",5
"Jager, H_3","WOS:000251210800010
","Tech Univ Berlin, Inst Ecol, Dept Ecosyst Sci & Plant Ecol, D-12165 Berlin, Germany.","Tech Univ Berlin, Inst Ecol, Dept Ecosyst Sci & Plant Ecol, Rothenburgstr 12, D-12165 Berlin, Germany","","","",1
"Tye, A_3","WOS:000251210800010
","","","","","",2
"Kowarik, I_3","WOS:000251210800010
","","","","","",3
"Buytaert, W_1","WOS:000250802500003
","Katholieke Univ Leuven, Lab Soil & Water Management, Louvain, Belgium.","Univ Lancaster, Lancaster LA1 4YQ, England","","","",1
"Iniguez, V_1","WOS:000250802500003
","","","","","",2
"De Bievre, B_1","WOS:000250802500003
","","","","","",3
"Queenborough, SA_2","WOS:000249270300006
","Univ Sheffield, Dept Anim & Plant Sci, Sheffield S10 2TN, S Yorkshire, England.","Univ Sheffield, Dept Anim & Plant Sci, Sheffield S10 2TN, S Yorkshire, England","","","",1
"Burslem, DFRP_1","WOS:000249270300006
","","","","","",2
"Garwood, NC_2","WOS:000249270300006
","","","","","",3
"Valencia, R_6","WOS:000249270300006
","","","","","",4
"Queenborough, SA_3","WOS:000249500900011
","Univ Aberdeen, Sch Biol Sci, Aberdeen AB24 3UU, Scotland.","Univ Sheffield, Dept Anim & Plant Sci, Sheffield S10 2TN, S Yorkshire, England","","","",1
"Burslem, DFRP_2","WOS:000249500900011
","","","","","",2
"Garwood, NC_3","WOS:000249500900011
","","","","","",3
"Valencia, R_7","WOS:000249500900011
","","","","","",4
"Donlan, CJ_1","WOS:000249256100023
","Cornell Univ, Dept Ecol & Evolut Biol, Ithaca, NY 14853 USA.","Cornell Univ, Dept Ecol & Evolut Biol, Corson Hall, Ithaca, NY 14853 USA","","","",1
"Campbell, K_1","WOS:000249256100023
","","","","","",2
"Cabrera, W_1","WOS:000249256100023
","","","","","",3
"Lavoie, C_1","WOS:000249256100023
","","","","","",4
"Carrion, V_1","WOS:000249256100023
","","","","","",5
"Cruz, F_1","WOS:000249256100023
","","","","","",6
"Russello, MA_1","WOS:000248592700009
","Univ British Columbia Okanagan, Unit Biol & Phys Geog, Kelowna, BC V1V 1V7, Canada.","Univ British Columbia Okanagan, Unit Biol & Phys Geog, 3333 Univ Way, Kelowna, BC V1V 1V7, Canada","","","",1
"Hyseni, C_1","WOS:000248592700009
","","","","","",2
"Gibbs, JP_3","WOS:000248592700009
","","","","","",3
"Cruz, S_1","WOS:000248592700009
","","","","","",4
"Marquez, C_2","WOS:000248592700009
","","","","","",5
"Tapia, W_1","WOS:000248592700009
","","","","","",6
"Velensky, P_1","WOS:000248592700009
","","","","","",7
"Powell, JR_1","WOS:000248592700009
","","","","","",8
"Caccone, A_1","WOS:000248592700009
","","","","","",9
"Encalada, AC_1","WOS:000247256000013
","Univ San Francisco Quito, Dept Ciencias Biol & Ambientales, Quito, Ecuador.","Univ San Francisco Quito, Dept Ciencias Biol & Ambientales, Quito, Ecuador","","","",1
"Peckarsky, BL_1","WOS:000247256000013
","","","","","",2
"Marquez, C_3","WOS:000250377200012
","Galapagos Natl Pk Sci, Puerto Villamil, Galapagos, Ecuador.","","","","",1
"Wiedenfeld, DA_2","WOS:000250377200012
","","619 McFarland Ave, Dalton, GA 30720 USA","","","",2
"Landazuri, S_1","WOS:000250377200012
","","","","","",3
"Chavez, J_2","WOS:000250377200012
","","","","","",4
"Castillo, JM_1","WOS:000247153100009
","Univ Seville, Fac Biol, Dept Biol Vegetal & Ecol, E-41080 Seville, Spain.","Univ Seville, Fac Biol, Dept Biol Vegetal & Ecol, Apartado 1095, E-41080 Seville, Spain","","","",1
"Leira-Doce, P_1","WOS:000247153100009
","","","","","",2
"Carrion-Tacuri, J_1","WOS:000247153100009
","","","","","",3
"Munoz-Guacho, E_1","WOS:000247153100009
","","","","","",4
"Arroyo-Solis, A_1","WOS:000247153100009
","","","","","",5
"Curado, G_1","WOS:000247153100009
","","","","","",6
"Doblas, D_1","WOS:000247153100009
","","","","","",7
"Rubio-Casal, AE_1","WOS:000247153100009
","","","","","",8
"Alvarez-Lopez, AA_1","WOS:000247153100009
","","","","","",9
"Redondo-Gomez, S_1","WOS:000247153100009
","","","","","",10
"Berjano, R_1","WOS:000247153100009
","","","","","",11
"Guerrero, G_1","WOS:000247153100009
","","","","","",12
"De Cires, A_1","WOS:000247153100009
","","","","","",13
"Figueroa, E_1","WOS:000247153100009
","","","","","",14
"Tye, A_4","WOS:000247153100009
","","","","","",15
"Vargas, FH_4","WOS:000247583400013
","Peregrine Fund Fondo Peregrino Panama, Panama City, Panama.","Peregrine Fund Fondo Peregrino Panama, Apartado 0844-00230, Panama City, Panama","","","",1
"Lacy, RC_1","WOS:000247583400013
","","","","","",2
"Johnson, PJ_1","WOS:000247583400013
","","","","","",3
"Steinfurth, A_2","WOS:000247583400013
","","","","","",4
"Crawford, RJM_1","WOS:000247583400013
","","","","","",5
"Boersma, PD_1","WOS:000247583400013
","","","","","",6
"Macdonald, DW_3","WOS:000247583400013
","","","","","",7
"Scheldeman, X_1","WOS:000247152800019
","Int Plant Genet Resources Inst, Reg Off Amer, Cali, Colombia.","Int Plant Genet Resources Inst, Reg Off Amer, Apartado Aereo 6713, Cali, Colombia","","","",1
"Willemen, L_1","WOS:000247152800019
","","","","","",2
"d'Eeckenbrugge, GC_1","WOS:000247152800019
","","","","","",3
"Romeijn-Peeters, E_1","WOS:000247152800019
","","","","","",4
"Restrepo, MT_1","WOS:000247152800019
","","","","","",5
"Motoche, JR_1","WOS:000247152800019
","","","","","",6
"Jimenez, D_1","WOS:000247152800019
","","","","","",7
"Lobo, M_1","WOS:000247152800019
","","","","","",8
"Medina, CI_1","WOS:000247152800019
","","","","","",9
"Reyes, C_1","WOS:000247152800019
","","","","","",10
"Rodriguez, D_1","WOS:000247152800019
","","","","","",11
"Ocampo, JA_1","WOS:000247152800019
","","","","","",12
"Van Damme, P_1","WOS:000247152800019
","","","","","",13
"Goetgebeur, P_1","WOS:000247152800019
","","","","","",14
"Cierjacks, A_2","WOS:000246935400006
","Univ Halle Wittenberg, Inst Biol, D-06108 Halle, Germany.","Univ Halle Wittenberg, Inst Biol, Geobot & Bot Garden,Am Kirchtor 1, D-06108 Halle, Germany","","","",1
"Iglesias, JE_1","WOS:000246935400006
","","","","","",2
"Wesche, K_2","WOS:000246935400006
","","","","","",3
"Hensen, I_2","WOS:000246935400006
","","","","","",4
"Lavoie, C_2","WOS:000245009800005
","Cornell Univ, Dept Ecol & Evolutionary Biol, Ithaca, NY 14853 USA.","","","","",1
"Donlan, CJ_2","WOS:000245009800005
","","Cornell Univ, Dept Ecol & Evolutionary Biol, Corson Hall, Ithaca, NY 14853 USA","","","",2
"Campbell, K_2","WOS:000245009800005
","","","","","",3
"Cruz, F_2","WOS:000245009800005
","","","","","",4
"Carrion, GV_1","WOS:000245009800005
","","","","","",5
"Carrion, V_2","WOS:000244025100010
","Cornell Univ, Dept Ecol & Evolutionary Biol, Ithaca, NY 14853 USA.","","","","",1
"Donlan, CJ_3","WOS:000244025100010
","","Cornell Univ, Dept Ecol & Evolutionary Biol, Corson Hall, Ithaca, NY 14853 USA","","","",2
"Campbell, K_3","WOS:000244025100010
","","","","","",3
"Lavoie, C_3","WOS:000244025100010
","","","","","",4
"Cruz, F_3","WOS:000244025100010
","","","","","",5
"Mercier, A_1","WOS:000245319700015
","Mem Univ Newfoundland, Ocean Sci Ctr, St John, NF A1C 5S7, Canada.","Mem Univ Newfoundland, Ocean Sci Ctr, St John, NF A1C 5S7, Canada","","","",1
"Ycaza, RH_1","WOS:000245319700015
","","","","","",2
"Hamel, JF_1","WOS:000245319700015
","","","","","",3
"LaFrankie, JV_1","WOS:000240253000019
","Natl Inst Educ, Smithsonian Trop Res Inst, Singapore 637616, Singapore.","Natl Inst Educ, Smithsonian Trop Res Inst, 1 Nanyang Walk, Singapore 637616, Singapore","","","",1
"Ashton, PS_1","WOS:000240253000019
","","","","","",2
"Chuyong, GB_1","WOS:000240253000019
","","","","","",3
"Co, L_1","WOS:000240253000019
","","","","","",4
"Condit, R_3","WOS:000240253000019
","","","","","",5
"Davies, SJ_1","WOS:000240253000019
","","","","","",6
"Foster, R_1","WOS:000240253000019
","","","","","",7
"Hubbell, SP_1","WOS:000240253000019
","","","","","",8
"Kenfack, D_3","WOS:000240253000019
","","","","","",9
"Lagunzad, D_1","WOS:000240253000019
","","","","","",10
"Losos, EC_1","WOS:000240253000019
","","","","","",11
"Nor, NSM_1","WOS:000240253000019
","","","","","",12
"Tan, S_1","WOS:000240253000019
","","","","","",13
"Thomas, DW_1","WOS:000240253000019
","","","","","",14
"Valencia, R_8","WOS:000240253000019
","","","","","",15
"Villa, G_1","WOS:000240253000019
","","","","","",16
"Dobbs, RC_1","WOS:000239899500021
","Illinois State Univ, Behav Ecol Evolut & Systemat Sect, Dept Biol Sci, Normal, IL 61790 USA.","","","","",1
"Styrsky, JD_1","WOS:000239899500021
","Illinois State Univ, Behav Ecol Evolut & Systemat Sect, Dept Biol Sci, Normal, IL 61790 USA.","","","","",2
"Thompson, CF_1","WOS:000239899500021
","Illinois State Univ, Behav Ecol Evolut & Systemat Sect, Dept Biol Sci, Normal, IL 61790 USA.","Yanayacu Biol Stn, Cosanga, Ecuador, Ecuador","","","",3
"Kilpatrick, AM_1","WOS:000239545500033
","Consortium Conservat Med, New York, NY 10001 USA.","Consortium Conservat Med, 460 W 34th St, New York, NY 10001 USA","","","",1
"Daszak, P_1","WOS:000239545500033
","","","","","",2
"Goodman, SJ_1","WOS:000239545500033
","","","","","",3
"Rogg, H_1","WOS:000239545500033
","","","","","",4
"Kramer, LD_1","WOS:000239545500033
","","","","","",5
"Cedeno, V_1","WOS:000239545500033
","","","","","",6
"Cunningham, AA_1","WOS:000239545500033
","","","","","",7
"Malhi, Y_2","WOS:000238352800001
","Univ Oxford, Ctr Environm, Oxford OX1 3QY, England.","Univ Oxford, Ctr Environm, S Parks Rd, Oxford OX1 3QY, England","","","",1
"Wood, D_1","WOS:000238352800001
","","","","","",2
"Baker, TR_3","WOS:000238352800001
","","","","","",3
"Wright, J_1","WOS:000238352800001
","","","","","",4
"Phillips, OL_3","WOS:000238352800001
","","","","","",5
"Cochrane, T_1","WOS:000238352800001
","","","","","",6
"Meir, P_1","WOS:000238352800001
","","","","","",7
"Chave, J_3","WOS:000238352800001
","","","","","",8
"Almeida, S_2","WOS:000238352800001
","","","","","",9
"Arroyo, L_2","WOS:000238352800001
","","","","","",10
"Higuchi, N_2","WOS:000238352800001
","","","","","",11
"Killeen, TJ_1","WOS:000238352800001
","","","","","",12
"Laurance, SG_1","WOS:000238352800001
","","","","","",13
"Laurance, WF_1","WOS:000238352800001
","","","","","",14
"Lewis, SL_2","WOS:000238352800001
","","","","","",15
"Monteagudo, A_3","WOS:000238352800001
","","","","","",16
"Neill, DA_2","WOS:000238352800001
","","","","","",17
"Vargas, PN_2","WOS:000238352800001
","","","","","",18
"Pitman, NCA_2","WOS:000238352800001
","","","","","",19
"Quesada, CA_1","WOS:000238352800001
","","","","","",20
"Salomao, R_2","WOS:000238352800001
","","","","","",21
"Silva, JNM_1","WOS:000238352800001
","","","","","",22
"Lezama, AT_1","WOS:000238352800001
","","","","","",23
"Terborgh, J_2","WOS:000238352800001
","","","","","",24
"Martinez, RV_1","WOS:000238352800001
","","","","","",25
"Vinceti, B_1","WOS:000238352800001
","","","","","",26
"Suarez, ER_1","WOS:000238531200001
","Inst Ecosyst Studies, Millbrook, NY 12545 USA.","Wildlife Conservat Soc Ecuador, San Francisco 441y Mariano Echeverria,Apartado Po, Quito, Ecuador","","","",1
"Fahey, TJ_1","WOS:000238531200001
","","","","","",2
"Groffman, PM_1","WOS:000238531200001
","","","","","",3
"Yavitt, JB_1","WOS:000238531200001
","","","","","",4
"Bohlen, PJ_1","WOS:000238531200001
","","","","","",5
"Encalada, AC_2","WOS:000237796300017
","Cornell Univ, Dept Entomol, Ithaca, NY 14850 USA.","Univ San Francisco Quito, Dept Ciencias Ambientales, Quito, Ecuador","","","",1
"Peckarsky, BL_2","WOS:000237796300017
","","","","","",2
"Tye, A_5","WOS:000234309500009
","Charles Darwin Res Stn, Dept Bot, Isla Santa Cruz, Galapagos, Ecuador.","CDRS, AP 17-01-3891, Quito, Ecuador","","","",1
"Humphries, CA_1","WOS:000235271600020
","Wake Forest Univ, Dept Biol, Winston Salem, NC 27109 USA.","","","","",1
"Arevalo, VD_1","WOS:000235271600020
","","","","","",2
"Fischer, KN_1","WOS:000235271600020
","","","","","",3
"Anderson, DJ_1","WOS:000235271600020
","","Wake Forest Univ, Dept Biol, Winston Salem, NC 27109 USA","","","",4
"Vinueza, LR_1","WOS:000236562100008
","Charles Darwin Fdn, Galapagos Isl, Ecuador.","Oregon State Univ, Dept Zool, 3029 Cordley Hall, Corvallis, OR 97331 USA","","","",1
"Branch, GM_1","WOS:000236562100008
","","","","","",2
"Branch, ML_1","WOS:000236562100008
","","","","","",3
"Bustamante, RH_2","WOS:000236562100008
","","","","","",4
"Suarez, ER_2","WOS:000235866400012
","Cornell Univ, Dept Nat Resources, Ithaca, NY 14853 USA.","Wildlife Conservat Soc Ecuador, San Francisco 441 & Mariano Echeverria,Apartado P, Quito, Ecuador","","","",1
"Tierney, GL_1","WOS:000235866400012
","Cornell Univ, Dept Nat Resources, Ithaca, NY 14853 USA.","","","","",2
"Fahey, TJ_2","WOS:000235866400012
","Cornell Univ, Dept Nat Resources, Ithaca, NY 14853 USA.","","","","",3
"Fahey, R_1","WOS:000235866400012
","Cornell Univ, Dept Nat Resources, Ithaca, NY 14853 USA.","","","","",4
"Suarez, ER_3","WOS:000236510100015
","Cornell Univ, Dept Nat Resources, Ithaca, NY 14853 USA.","Wildlife Conservat Soc Ecuador, San Francisco 441 & Mariano Echeverria,Apartado P, Quito, Ecuador","","","",1
"Fahey, TJ_3","WOS:000236510100015
","","","","","",2
"Yavitt, JB_2","WOS:000236510100015
","","","","","",3
"Groffman, PM_2","WOS:000236510100015
","","","","","",4
"Bohlen, PJ_2","WOS:000236510100015
","","","","","",5
"Eckhart, VM_1","WOS:000234800700018
","Grinnell Coll, Dept Biol, Grinnell, IA 50112 USA.","Grinnell Coll, Dept Biol, Grinnell, IA 50112 USA","","","",1
"Rushing, NS_1","WOS:000234800700018
","","","","","",2
"Hart, GM_1","WOS:000234800700018
","","","","","",3
"Hansen, JD_1","WOS:000234800700018
","","","","","",4
"Vargas, FH_5","WOS:000233704400011
","Univ Oxford, Dept Zool, Wildlife Conservat Res Unit, Oxford OX1 3PS, England.","","","","",1
"Harrison, S_1","WOS:000233704400011
","","","","","",2
"Rea, S_1","WOS:000233704400011
","","","","","",3
"Macdonald, DW_4","WOS:000233704400011
","","Univ Oxford, Dept Zool, Wildlife Conservat Res Unit, S Parks Rd, Oxford OX1 3PS, England","","","",4
"Gottdenker, NL_1","WOS:000232993900014
","St Louis Zoo, St Louis, MO 63110 USA.","","","","",1
"Walsh, T_1","WOS:000232993900014
","","","","","",2
"Vargas, H_1","WOS:000232993900014
","","","","","",3
"Merkel, J_1","WOS:000232993900014
","","","","","",4
"Jimenez, GU_1","WOS:000232993900014
","","","","","",5
"Miller, RE_2","WOS:000232993900014
","","","","","",6
"Dailey, M_1","WOS:000232993900014
","","","","","",7
"Parker, PG_3","WOS:000232993900014
","","St Louis Zoo, 1 Govt Dr, St Louis, MO 63110 USA","","","",8
"Campbell, K_4","WOS:000232137900005
","Cornell Univ, Dept Ecol & Evolutionary Biol, Ithaca, NY 14853 USA.","","","","",1
"Donlan, CJ_4","WOS:000232137900005
","","Cornell Univ, Dept Ecol & Evolutionary Biol, Corson Hall, Ithaca, NY 14853 USA","","","",2
"Becker, CD_1","WOS:000232622700009
","Univ New Mexico, Earthwatch Inst & Aves Ecuador, Zuni, NM 87327 USA.","Univ New Mexico, Earthwatch Inst & Aves Ecuador, POB 1248, Zuni, NM 87327 USA","","","",1
"Agreda, A_1","WOS:000232622700009
","","","","","",2
"Astudillo, E_1","WOS:000232622700009
","","","","","",3
"Costantino, M_1","WOS:000232622700009
","","","","","",4
"Torres, P_1","WOS:000232622700009
","","","","","",5
"Townsend, WR_1","WOS:000232622700012
","Field Museum, Santa Cruz, Bolivia.","Field Museum, Chicago 3,Casilla 6266, Santa Cruz, Bolivia","","","",1
"Borman, R_1","WOS:000232622700012
","","","","","",2
"Yiyoguaje, E_1","WOS:000232622700012
","","","","","",3
"Mendua, L_1","WOS:000232622700012
","","","","","",4
"Pitman, NCA_3","WOS:000231650800009
","Duke Univ, Nicholas Sch Environm & Earth Sci, Ctr Trop Conservat, Durham, NC 27708 USA.","Amazon Conservat Assoc, Jiron Cusco 499, Puerto Maldonado, Madre de Dios, Peru","","","",1
"Ceron, CE_2","WOS:000231650800009
","","","","","",2
"Reyes, CI_1","WOS:000231650800009
","","","","","",3
"Thurber, M_1","WOS:000231650800009
","","","","","",4
"Arellano, J_1","WOS:000231650800009
","","","","","",5
"Ruttenberg, BI_1","WOS:000232401800006
","Univ Calif Santa Barbara, Dept Ecol Evolut & Marine Biol, Santa Barbara, CA 93106 USA.","Univ Calif Santa Barbara, Dept Ecol Evolut & Marine Biol, Santa Barbara, CA 93106 USA","","","",1
"Haupt, AJ_1","WOS:000232401800006
","","","","","",2
"Chiriboga, AI_1","WOS:000232401800006
","","","","","",3
"Warner, RR_1","WOS:000232401800006
","","","","","",4
"Bustarnante, MR_1","WOS:000229355500005
","Pontificia Univ Catolica Ecuador, Museo Zool, Ctr Biodiversidad & Ambiente, Escuela Biol, Quito, Ecuador.","Pontificia Univ Catolica Ecuador, Museo Zool, Ctr Biodiversidad & Ambiente, Escuela Biol, Avenida 12 Octubre & Roca,Aptdo 17-01-2184, Quito, Ecuador","","","",1
"Ron, SR_2","WOS:000229355500005
","Pontificia Univ Catolica Ecuador, Museo Zool, Ctr Biodiversidad & Ambiente, Escuela Biol, Quito, Ecuador.","","","","",2
"Coloma, LA_1","WOS:000229355500005
","Pontificia Univ Catolica Ecuador, Museo Zool, Ctr Biodiversidad & Ambiente, Escuela Biol, Quito, Ecuador.","","","","",3
"Ron, SR_3","WOS:000229355500008
","Univ Texas, Sec Integrat Biol, Austin, TX 78712 USA.","Pontificia Univ Catolica Ecuador, Escuela Biol, Museo Zool, Ctr Biodiversidad & Ambiente, Av 12 Octubre & Roca,Aptdo 17-01-2184, Quito, Ecuador","","","",1
"Wilcke, W_3","WOS:000226404800011
","Tech Univ Berlin, Inst Ecol, Dept Soil Sci, D-10587 Berlin, Germany.","Tech Univ Berlin, Inst Ecol, Dept Soil Sci, Salzufer 11-12, D-10587 Berlin, Germany","","","",1
"Hess, T_1","WOS:000226404800011
","","","","","",2
"Bengel, C_1","WOS:000226404800011
","","","","","",3
"Homeier, E_1","WOS:000226404800011
","","","","","",4
"Valarezo, C_3","WOS:000226404800011
","","","","","",5
"Zech, W_1","WOS:000226404800011
","","","","","",6
"Cruz, F_4","WOS:000224662100015
","Cornell Univ, Dept Ecol & Evolutionary Biol, Ithaca, NY 14853 USA.","","","","",1
"Donlan, CJ_5","WOS:000224662100015
","","Cornell Univ, Dept Ecol & Evolutionary Biol, Corson Hall, Ithaca, NY 14853 USA","","","",2
"Campbell, K_5","WOS:000224662100015
","","","","","",3
"Carrion, V_3","WOS:000224662100015
","","","","","",4
"Farley, KA_1","WOS:000225359600003
","Univ Colorado, Dept Geog, Boulder, CO 80309 USA.","Duke Univ, Ctr Global Change, POB 90658, Durham, NC 27708 USA","","","",1
"Kelly, EF_1","WOS:000225359600003
","","","","","",2
"Hofstede, RGM_1","WOS:000225359600003
","","","","","",3
"Siren, A_1","WOS:000224071800017
","Swedish Univ Agr Sci, Dept Rural Dev Studies, SE-75007 Uppsala, Sweden.","Swedish Univ Agr Sci, Dept Rural Dev Studies, POB 7005, SE-75007 Uppsala, Sweden","","","",1
"Hamback, P_1","WOS:000224071800017
","","","","","",2
"Machoa, E_1","WOS:000224071800017
","","","","","",3
"Hill, RI_1","WOS:000223742800009
","Univ Texas, Sect Integrat Biol, Univ Stn C0930, Austin, TX 78712 USA.","Univ Calif Berkeley, Dept Integrat Biol, 3060 Valley Life Sci Bldg, Berkeley, CA 94720 USA","","","",1
"Vaca, JF_1","WOS:000223742800009
","","","","","",2
"Leimbeck, RM_1","WOS:000221688100008
","Univ Aarhus, Dept Systemat Bot, Inst Biol Sci, DK-8240 Risskov, Denmark.","","","","",1
"Valencia, R_9","WOS:000221688100008
","","","","","",2
"Balslev, H_1","WOS:000221688100008
","","Univ Aarhus, Dept Systemat Bot, Inst Biol Sci, Nordlandsvej 68, DK-8240 Risskov, Denmark","","","",3
"Mullner, A_1","WOS:000221901700013
","Princeton Univ, Dept Ecol & Evolutionary Biol, Princeton, NJ 08544 USA.","Frankfurt Zool Soc, Alfred Brehm Pl 16, D-60316 Frankfurt, Germany","","","",1
"Linsenmair, KE_1","WOS:000221901700013
","","","","","",2
"Wikelski, M_1","WOS:000221901700013
","","","","","",3
"Campbell, K_6","WOS:000223587200022
","Cornell Univ, Dept Ecol & Evolutionary Biol, Ithaca, NY 14853 USA.","","","","",1
"Donlan, CJ_6","WOS:000223587200022
","","Cornell Univ, Dept Ecol & Evolutionary Biol, Corson Hall, Ithaca, NY 14853 USA","","","",2
"Cruz, F_5","WOS:000223587200022
","","","","","",3
"Carrion, V_4","WOS:000223587200022
","","","","","",4
"Edgar, GJ_2","WOS:000221906700007
","Charles Darwin Res Stn, Santa Cruz, Galapagos, Ecuador.","Univ Tasmania, Tasmanian Aquaculture & Fisheries Inst, Sch Zool, GPO Box 252-05, Hobart, Tas 7001, Australia","","","",1
"Banks, S_1","WOS:000221906700007
","Charles Darwin Res Stn, Santa Cruz, Galapagos, Ecuador.","","","","",2
"Farina, JM_1","WOS:000221906700007
","Charles Darwin Res Stn, Santa Cruz, Galapagos, Ecuador.","","","","",3
"Calvopina, M_1","WOS:000221906700007
","Charles Darwin Res Stn, Santa Cruz, Galapagos, Ecuador.","","","","",4
"Martinez, C_1","WOS:000221906700007
","Charles Darwin Res Stn, Santa Cruz, Galapagos, Ecuador.","","","","",5
"Parra, JL_1","WOS:000221421200008
","Univ Calif Berkeley, Museum Vertebrate Zool, Berkeley, CA 94720 USA.","Univ Calif Berkeley, Museum Vertebrate Zool, 3101 VLSB, Berkeley, CA 94720 USA","","","",1
"Graham, CC_1","WOS:000221421200008
","","","","","",2
"Freile, JF_1","WOS:000221421200008
","","","","","",3
"Vargas, JH_1","WOS:000221081400006
","Missouri Bot Garden, St Louis, MO 63166 USA.","","","","",1
"Consiglio, T_1","WOS:000221081400006
","","Missouri Bot Garden, POB 299, St Louis, MO 63166 USA","","","",2
"Jorgensen, PM_1","WOS:000221081400006
","","","","","",3
"Croat, TB_1","WOS:000221081400006
","","","","","",4
"Baker, TR_4","WOS:000221421600003
","Univ Leeds, Sch Geog, Earth & Biosphere Inst, Leeds LS2 9JT, W Yorkshire, England.","Univ Leeds, Sch Geog, Earth & Biosphere Inst, Leeds LS2 9JT, W Yorkshire, England","","","",1
"Phillips, OL_4","WOS:000221421600003
","","","","","",2
"Malhi, Y_3","WOS:000221421600003
","","","","","",3
"Almeida, S_3","WOS:000221421600003
","","","","","",4
"Arroyo, L_3","WOS:000221421600003
","","","","","",5
"Di Fiore, A_2","WOS:000221421600003
","","","","","",6
"Erwin, T_2","WOS:000221421600003
","","","","","",7
"Killeen, TJ_2","WOS:000221421600003
","","","","","",8
"Laurance, SG_2","WOS:000221421600003
","","","","","",9
"Laurance, WF_2","WOS:000221421600003
","","","","","",10
"Lewis, SL_3","WOS:000221421600003
","","","","","",11
"Lloyd, J_1","WOS:000221421600003
","","","","","",12
"Monteagudo, A_4","WOS:000221421600003
","","","","","",13
"Neill, DA_3","WOS:000221421600003
","","","","","",14
"Patino, S_1","WOS:000221421600003
","","","","","",15
"Pitman, NCA_4","WOS:000221421600003
","","","","","",16
"Silva, JNM_2","WOS:000221421600003
","","","","","",17
"Martinez, RV_2","WOS:000221421600003
","","","","","",18
"Malhi, Y_4","WOS:000221421600004
","Univ Edinburgh, Sch Geosci, Edinburgh, Midlothian, Scotland.","Univ Edinburgh, Sch Geosci, Darwin Bldg,Mayfield Rd, Edinburgh, Midlothian, Scotland","","","",1
"Baker, TR_5","WOS:000221421600004
","","","","","",2
"Phillips, OL_5","WOS:000221421600004
","","","","","",3
"Almeida, S_4","WOS:000221421600004
","","","","","",4
"Alvarez, E_2","WOS:000221421600004
","","","","","",5
"Arroyo, L_4","WOS:000221421600004
","","","","","",6
"Chave, J_4","WOS:000221421600004
","","","","","",7
"Czimczik, CI_1","WOS:000221421600004
","","","","","",8
"Di Fiore, A_3","WOS:000221421600004
","","","","","",9
"Higuchi, N_3","WOS:000221421600004
","","","","","",10
"Killeen, TJ_3","WOS:000221421600004
","","","","","",11
"Laurance, SG_3","WOS:000221421600004
","","","","","",12
"Laurance, WF_3","WOS:000221421600004
","","","","","",13
"Lewis, SL_4","WOS:000221421600004
","","","","","",14
"Montoya, LMM_1","WOS:000221421600004
","","","","","",15
"Monteagudo, A_5","WOS:000221421600004
","","","","","",16
"Neill, DA_4","WOS:000221421600004
","","","","","",17
"Vargas, PN_3","WOS:000221421600004
","","","","","",18
"Patino, S_2","WOS:000221421600004
","","","","","",19
"Pitman, NCA_5","WOS:000221421600004
","","","","","",20
"Quesada, CA_2","WOS:000221421600004
","","","","","",21
"Salomao, R_3","WOS:000221421600004
","","","","","",22
"Silva, JNM_3","WOS:000221421600004
","","","","","",23
"Lezama, AT_2","WOS:000221421600004
","","","","","",24
"Martinez, RV_3","WOS:000221421600004
","","","","","",25
"Terborgh, J_3","WOS:000221421600004
","","","","","",26
"Vinceti, B_2","WOS:000221421600004
","","","","","",27
"Lloyd, J_2","WOS:000221421600004
","","","","","",28
"Harley, P_1","WOS:000221421600008
","Natl Ctr Atmospher Res, Div Atmospher Chem, Boulder, CO 80307 USA.","Natl Ctr Atmospher Res, Div Atmospher Chem, 1850 Table Mesa Dr, Boulder, CO 80307 USA","","","",1
"Vasconcellos, P_1","WOS:000221421600008
","","","","","",2
"Vierling, L_1","WOS:000221421600008
","","","","","",3
"Pinheiro, CCD_1","WOS:000221421600008
","","","","","",4
"Greenberg, J_1","WOS:000221421600008
","","","","","",5
"Guenther, A_1","WOS:000221421600008
","","","","","",6
"Klinger, L_1","WOS:000221421600008
","","","","","",7
"De Almeida, SS_1","WOS:000221421600008
","","","","","",8
"Neill, D_2","WOS:000221421600008
","","","","","",9
"Baker, T_1","WOS:000221421600008
","","","","","",10
"Phillips, O_1","WOS:000221421600008
","","","","","",11
"Malhi, Y_5","WOS:000221421600008
","","","","","",12
"Valencia, R_10","WOS:000220382500003
","Smithsonian Trop Res Inst, Ctr Trop Forest Sci, Unit 0948, APO, AA 34002 USA.","","","","",1
"Foster, RB_1","WOS:000220382500003
","","","","","",2
"Villa, G_2","WOS:000220382500003
","","","","","",3
"Condit, R_4","WOS:000220382500003
","","Smithsonian Trop Res Inst, Ctr Trop Forest Sci, Unit 0948, APO, AA 34002 USA","","","",4
"Svenning, JC_1","WOS:000220382500003
","","","","","",5
"Hernandez, C_2","WOS:000220382500003
","","","","","",6
"Romoleroux, K_1","WOS:000220382500003
","","","","","",7
"Losos, E_1","WOS:000220382500003
","","","","","",8
"Magard, E_1","WOS:000220382500003
","","","","","",9
"Balslev, H_2","WOS:000220382500003
","","","","","",10
"Kattan, G_1","WOS:000221639400016
","Wildlife Conservat Soc, Colombia Program, Cali, Colombia.","Wildlife Conservat Soc, Colombia Program, Apartado 25527, Cali, Colombia","","","",1
"Hernandez, OL_1","WOS:000221639400016
","","","","","",2
"Goldstein, I_1","WOS:000221639400016
","","","","","",3
"Rojas, V_1","WOS:000221639400016
","","","","","",4
"Murillo, O_1","WOS:000221639400016
","","","","","",5
"Gomez, C_1","WOS:000221639400016
","","","","","",6
"Restrepo, H_1","WOS:000221639400016
","","","","","",7
"Cuesta, F_1","WOS:000221639400016
","","","","","",8
"Dvorak, M_1","WOS:000221639400018
","Charles Darwin Res Stn, Isla Santa Cruz, Galapagos, Ecuador.","","","","",1
"Vargas, H_2","WOS:000221639400018
","","","","","",2
"Fessl, B_1","WOS:000221639400018
","","","","","",3
"Tebbich, S_1","WOS:000221639400018
","","Univ Cambridge, Dept Expt Psychol, Downing St, Cambridge CB2 3EB, England","","","",4
"Okey, TA_1","WOS:000189226500017
","Univ British Columbia, Fisheries Ctr, Vancouver, BC V6T 1Z4, Canada.","Univ British Columbia, Fisheries Ctr, 2204 Main Mall, Vancouver, BC V6T 1Z4, Canada","","","",1
"Banks, S_2","WOS:000189226500017
","","","","","",2
"Born, AR_1","WOS:000189226500017
","","","","","",3
"Bustamante, RH_3","WOS:000189226500017
","","","","","",4
"Calvopina, M_2","WOS:000189226500017
","","","","","",5
"Edgar, GJ_3","WOS:000189226500017
","","","","","",6
"Espinoza, E_1","WOS:000189226500017
","","","","","",7
"Farina, JM_2","WOS:000189226500017
","","","","","",8
"Garske, LE_2","WOS:000189226500017
","","","","","",9
"Reck, GK_1","WOS:000189226500017
","","","","","",10
"Salazar, S_2","WOS:000189226500017
","","","","","",11
"Shepherd, S_1","WOS:000189226500017
","","","","","",12
"Toral-Granda, V_1","WOS:000189226500017
","","","","","",13
"Wallem, P_1","WOS:000189226500017
","","","","","",14
"Kottke, I_2","WOS:000188953600012
","Univ Tubingen, Inst Syst Bot & Mycol, D-72076 Tubingen, Germany.","Univ Tubingen, Inst Syst Bot & Mycol, Morgenstelle 1, D-72076 Tubingen, Germany","","","",1
"Beck, A_1","WOS:000188953600012
","","","","","",2
"Oberwinkler, F_2","WOS:000188953600012
","","","","","",3
"Homeier, J_2","WOS:000188953600012
","","","","","",4
"Neill, D_3","WOS:000188953600012
","","","","","",5
"Donlan, CJ_7","WOS:000186869700044
","Cornell Univ, Dept Ecol & Evolut Biol, Ithaca, NY 14853 USA.","Cornell Univ, Dept Ecol & Evolut Biol, Corson Hall, Ithaca, NY 14853 USA","","","",1
"Tershy, BR_1","WOS:000186869700044
","","","","","",2
"Campbell, K_7","WOS:000186869700044
","","","","","",3
"Cruz, F_6","WOS:000186869700044
","","","","","",4
"Gonzalez, JA_2","WOS:000185371200013
","Univ Nacl Agraria La Molina, Area Fauna Silvestre & Parques Nacl, Lima, Peru.","Proyecto Araucaria Galapagos, Agcy Espanola Cooperac Int, Quito, Ecuador","","","",1
"Burns, CE_1","WOS:000186983400007
","Yale Univ, Dept Ecol & Evolut Biol, New Haven, CT 06520 USA.","Yale Univ, Dept Ecol & Evolut Biol, New Haven, CT 06520 USA","","","",1
"Ciofi, C_1","WOS:000186983400007
","","","","","",2
"Beheregaray, LB_1","WOS:000186983400007
","","","","","",3
"Fritts, TH_1","WOS:000186983400007
","","","","","",4
"Gibbs, JP_4","WOS:000186983400007
","","","","","",5
"Marquez, C_4","WOS:000186983400007
","","","","","",6
"Milinkovitch, MC_1","WOS:000186983400007
","","","","","",7
"Powell, JR_2","WOS:000186983400007
","","","","","",8
"Caccone, A_2","WOS:000186983400007
","","","","","",9
"Ter Steege, H_1","WOS:000183903600007
","Univ Utrecht, NHN, NL-3584 CS Utrecht, Netherlands.","Univ Utrecht, NHN, Heidelberglaan 2, NL-3584 CS Utrecht, Netherlands","","","",1
"Pitman, N_2","WOS:000183903600007
","","","","","",2
"Sabatier, D_1","WOS:000183903600007
","","","","","",3
"Castellanos, H_1","WOS:000183903600007
","","","","","",4
"Van der Hout, P_1","WOS:000183903600007
","","","","","",5
"Daly, DC_1","WOS:000183903600007
","","","","","",6
"Silveira, M_2","WOS:000183903600007
","","","","","",7
"Phillips, O_2","WOS:000183903600007
","","","","","",8
"Vasquez, R_2","WOS:000183903600007
","","","","","",9
"Van Andel, T_1","WOS:000183903600007
","","","","","",10
"Duivenvoorden, J_1","WOS:000183903600007
","","","","","",11
"De Oliveira, AA_1","WOS:000183903600007
","","","","","",12
"Ek, R_1","WOS:000183903600007
","","","","","",13
"Lilwah, R_1","WOS:000183903600007
","","","","","",14
"Thomas, R_1","WOS:000183903600007
","","","","","",15
"Van Essen, J_1","WOS:000183903600007
","","","","","",16
"Baider, C_1","WOS:000183903600007
","","","","","",17
"Maas, P_1","WOS:000183903600007
","","","","","",18
"Mori, S_1","WOS:000183903600007
","","","","","",19
"Terborgh, J_4","WOS:000183903600007
","","","","","",20
"Vargas, PN_4","WOS:000183903600007
","","","","","",21
"Mogollon, H_2","WOS:000183903600007
","","","","","",22
"Morawetz, W_1","WOS:000183903600007
","","","","","",23
"Farina, JM_3","WOS:000185063900018
","Pontificia Univ Catolica Chile, CASEB, Santiago, Chile.","Pontificia Univ Catolica Chile, CASEB, Alameda 340,CP 6513677, Santiago, Chile","","","",1
"Salazar, S_3","WOS:000185063900018
","","","","","",2
"Wallem, KP_1","WOS:000185063900018
","","","","","",3
"Witman, JD_1","WOS:000185063900018
","","","","","",4
"Ellis, JC_1","WOS:000185063900018
","","","","","",5
"Tuomisto, H_1","WOS:000182669300007
","Univ Turku, Dept Biol, FIN-20014 Turku, Finland.","Univ Turku, Dept Biol, FIN-20014 Turku, Finland","","","",1
"Poulsen, AD_1","WOS:000182669300007
","","","","","",2
"Ruokolainen, K_1","WOS:000182669300007
","","","","","",3
"Moran, RC_1","WOS:000182669300007
","","","","","",4
"Quintana, C_1","WOS:000182669300007
","","","","","",5
"Celi, J_1","WOS:000182669300007
","","","","","",6
"Canas, G_1","WOS:000182669300007
","","","","","",7
"Roberts, CM_1","WOS:000181742700016
","Univ York, Dept Environm, York YO10 5DD, N Yorkshire, England.","Univ York, Dept Environm, York YO10 5DD, N Yorkshire, England","","","",1
"Andelman, S_1","WOS:000181742700016
","","","","","",2
"Branch, G_1","WOS:000181742700016
","","","","","",3
"Bustamante, RH_4","WOS:000181742700016
","","","","","",4
"Castilla, JC_1","WOS:000181742700016
","","","","","",5
"Dugan, J_1","WOS:000181742700016
","","","","","",6
"Halpern, BS_1","WOS:000181742700016
","","","","","",7
"Lafferty, KD_1","WOS:000181742700016
","","","","","",8
"Leslie, H_1","WOS:000181742700016
","","","","","",9
"Lubchenco, J_1","WOS:000181742700016
","","","","","",10
"McArdle, D_1","WOS:000181742700016
","","","","","",11
"Possingham, HP_1","WOS:000181742700016
","","","","","",12
"Ruckelshaus, M_1","WOS:000181742700016
","","","","","",13
"Warner, RR_2","WOS:000181742700016
","","","","","",14
"Roberts, CM_2","WOS:000181742700017
","Univ York, Dept Environm, York YO10 5DD, N Yorkshire, England.","Univ York, Dept Environm, York YO10 5DD, N Yorkshire, England","","","",1
"Branch, G_2","WOS:000181742700017
","","","","","",2
"Bustamante, RH_5","WOS:000181742700017
","","","","","",3
"Castilla, JC_2","WOS:000181742700017
","","","","","",4
"Dugan, J_2","WOS:000181742700017
","","","","","",5
"Halpern, BS_2","WOS:000181742700017
","","","","","",6
"Lafferty, KD_2","WOS:000181742700017
","","","","","",7
"Leslie, H_2","WOS:000181742700017
","","","","","",8
"Lubchenco, J_2","WOS:000181742700017
","","","","","",9
"McArdle, D_2","WOS:000181742700017
","","","","","",10
"Ruckelshaus, M_2","WOS:000181742700017
","","","","","",11
"Warner, RR_3","WOS:000181742700017
","","","","","",12
"Vanacker, V_1","WOS:000181767500001
","Fund Sci Res Flanders FWO, Brussels, Belgium.","Fund Sci Res Flanders FWO, Brussels, Belgium","","","",1
"Govers, G_1","WOS:000181767500001
","","","","","",2
"Barros, S_1","WOS:000181767500001
","","","","","",3
"Poesen, J_1","WOS:000181767500001
","","","","","",4
"Deckers, J_1","WOS:000181767500001
","","","","","",5
"Witman, JD_2","WOS:000179521400003
","Brown Univ, Dept Ecol & Evolutionary Biol, Providence, RI 02912 USA.","Brown Univ, Dept Ecol & Evolutionary Biol, Box G-W, Providence, RI 02912 USA","","","",1
"Smith, F_1","WOS:000179521400003
","","","","","",2
"Tuomisto, H_2","WOS:000180539800005
","Univ Turku, Dept Biol, FIN-20014 Turku, Finland.","New York Bot Garden, Bronx, NY 10458 USA","","","",1
"Ruokolainen, K_2","WOS:000180539800005
","","","","","",2
"Poulsen, AD_2","WOS:000180539800005
","","","","","",3
"Moran, RC_2","WOS:000180539800005
","","","","","",4
"Quintana, C_2","WOS:000180539800005
","","","","","",5
"Canas, G_2","WOS:000180539800005
","","","","","",6
"Celi, J_2","WOS:000180539800005
","","","","","",7
"Pitman, NCA_6","WOS:000179624600026
","Duke Univ, Ctr Trop Conservat, Durham, NC 27708 USA.","Duke Univ, Ctr Trop Conservat, Box 90381, Durham, NC 27708 USA","","","",1
"Terborgh, JW_1","WOS:000179624600026
","","","","","",2
"Silman, MR_1","WOS:000179624600026
","","","","","",3
"Nunez, P_1","WOS:000179624600026
","","","","","",4
"Neill, DA_5","WOS:000179624600026
","","","","","",5
"Ceron, CE_3","WOS:000179624600026
","","","","","",6
"Palacios, WA_2","WOS:000179624600026
","","","","","",7
"Aulestia, M_2","WOS:000179624600026
","","","","","",8
"Pitman, NCA_7","WOS:000178183600029
","Duke Univ, Ctr Trop Conservat, Durham, NC 27708 USA.","Duke Univ, Ctr Trop Conservat, Box 90381, Durham, NC 27708 USA","","","",1
"Jorgensen, PM_2","WOS:000178183600029
","","","","","",2
"Williams, RSR_1","WOS:000178183600029
","","","","","",3
"Leon-Yanez, S_1","WOS:000178183600029
","","","","","",4
"Valencia, R_11","WOS:000178183600029
","","","","","",5
"Muchhala, N_1","WOS:000178898900006
","Univ Miami, Dept Biol, Coral Gables, FL 33124 USA.","Univ Miami, Dept Biol, POB 249118, Coral Gables, FL 33124 USA","","","",1
"Jarrin-V, P_1","WOS:000178898900006
","","","","","",2
"Fehse, J_1","WOS:000176460500002
","Univ Amsterdam, Inst Biodivers & Ecosyst Dynam, NL-1018 WV Amsterdam, Netherlands.","","","","",1
"Hofstede, R_1","WOS:000176460500002
","","","","","",2
"Aguirre, N_2","WOS:000176460500002
","","","","","",3
"Paladines, C_1","WOS:000176460500002
","","","","","",4
"Kooijman, A_1","WOS:000176460500002
","","","","","",5
"Sevink, J_1","WOS:000176460500002
","","Univ Amsterdam, Inst Biodivers & Ecosyst Dynam, Nieuwe Achtergracht 166, NL-1018 WV Amsterdam, Netherlands","","","",6
"Toral, E_2","WOS:000175832000022
","EcoCiencia, Fdn Ecuatoriana Estudios Ecol, Quito, Ecuador.","Tarqui 1926 & Eugenio Espejo, Cuenca, Ecuador","","","",1
"Feinsinger, P_1","WOS:000175832000022
","","","","","",2
"Crump, ML_1","WOS:000175832000022
","","","","","",3
"Malhi, Y_6","WOS:000178428000015
","Univ Edinburgh, Inst Ecol & Resource Management, Edinburgh EH9 3JU, Midlothian, Scotland.","Univ Edinburgh, Inst Ecol & Resource Management, Darwin Bldg,Mayfield Rd, Edinburgh EH9 3JU, Midlothian, Scotland","","","",1
"Phillips, OL_6","WOS:000178428000015
","","","","","",2
"Lloyd, J_3","WOS:000178428000015
","","","","","",3
"Baker, T_2","WOS:000178428000015
","","","","","",4
"Wright, J_2","WOS:000178428000015
","","","","","",5
"Almeida, S_5","WOS:000178428000015
","","","","","",6
"Arroyo, L_5","WOS:000178428000015
","","","","","",7
"Frederiksen, T_1","WOS:000178428000015
","","","","","",8
"Grace, J_1","WOS:000178428000015
","","","","","",9
"Higuchi, N_4","WOS:000178428000015
","","","","","",10
"Killeen, T_2","WOS:000178428000015
","","","","","",11
"Laurance, WF_4","WOS:000178428000015
","","","","","",12
"Leano, C_1","WOS:000178428000015
","","","","","",13
"Lewis, S_1","WOS:000178428000015
","","","","","",14
"Meir, P_2","WOS:000178428000015
","","","","","",15
"Monteagudo, A_6","WOS:000178428000015
","","","","","",16
"Neill, D_4","WOS:000178428000015
","","","","","",17
"Vargas, PN_5","WOS:000178428000015
","","","","","",18
"Panfil, SN_1","WOS:000178428000015
","","","","","",19
"Patino, S_3","WOS:000178428000015
","","","","","",20
"Pitman, N_3","WOS:000178428000015
","","","","","",21
"Quesada, CA_3","WOS:000178428000015
","","","","","",22
"Rudas-Ll, A_1","WOS:000178428000015
","","","","","",23
"Salomao, R_4","WOS:000178428000015
","","","","","",24
"Saleska, S_1","WOS:000178428000015
","","","","","",25
"Silva, N_2","WOS:000178428000015
","","","","","",26
"Silveira, M_3","WOS:000178428000015
","","","","","",27
"Sombroek, WG_1","WOS:000178428000015
","","","","","",28
"Valencia, R_12","WOS:000178428000015
","","","","","",29
"Martinez, RV_4","WOS:000178428000015
","","","","","",30
"Vieira, ICG_1","WOS:000178428000015
","","","","","",31
"Vinceti, B_3","WOS:000178428000015
","","","","","",32
"Wille, M_1","WOS:000174907100006
","Univ Amsterdam, IBED, Dept Palynol & Paleo Actuoecol, Ctr Geoecol Res,ICG, NL-1098 SM Amsterdam, Netherlands.","","","","",1
"Hooghiemstra, H_1","WOS:000174907100006
","","Univ Amsterdam, IBED, Dept Palynol & Paleo Actuoecol, Ctr Geoecol Res,ICG, Kruislaan 318, NL-1098 SM Amsterdam, Netherlands","","","",2
"Hofstede, R_2","WOS:000174907100006
","","","","","",3
"Fehse, J_2","WOS:000174907100006
","","","","","",4
"Sevink, J_2","WOS:000174907100006
","","","","","",5
"Jordan, MA_1","WOS:000173032500005
","Univ New Mexico, Dept Biol, Albuquerque, NM 87131 USA.","Zool Soc London, Inst Zool, Regents Pk, London NW1 4RY, England","","","",1
"Snell, HL_1","WOS:000173032500005
","","","","","",2
"Young, BE_1","WOS:000171501100004
","Assoc Biodivers Informat, Arlington, VA 22209 USA.","Assoc Biodivers Informat, 1101 Wilson Blvd, Arlington, VA 22209 USA","","","",1
"Lips, KR_1","WOS:000171501100004
","","","","","",2
"Reaser, JK_1","WOS:000171501100004
","","","","","",3
"Ibanez, R_1","WOS:000171501100004
","","","","","",4
"Salas, AW_1","WOS:000171501100004
","","","","","",5
"Cedeno, JR_1","WOS:000171501100004
","","","","","",6
"Coloma, LA_2","WOS:000171501100004
","","","","","",7
"Ron, S_1","WOS:000171501100004
","","","","","",8
"La Marca, E_1","WOS:000171501100004
","","","","","",9
"Meyer, JR_1","WOS:000171501100004
","","","","","",10
"Munoz, A_1","WOS:000171501100004
","","","","","",11
"Bolanos, F_1","WOS:000171501100004
","","","","","",12
"Chaves, G_1","WOS:000171501100004
","","","","","",13
"Romo, D_1","WOS:000171501100004
","","","","","",14
"Pitman, NCA_8","WOS:000170452600002
","Duke Univ, Ctr Trop Conservat, Durham, NC 27708 USA.","Duke Univ, Ctr Trop Conservat, Box 90381, Durham, NC 27708 USA","","","",1
"Terborgh, JW_2","WOS:000170452600002
","","","","","",2
"Silman, MR_2","WOS:000170452600002
","","","","","",3
"Nunez, P_2","WOS:000170452600002
","","","","","",4
"Neill, DA_6","WOS:000170452600002
","","","","","",5
"Ceron, CE_4","WOS:000170452600002
","","","","","",6
"Palacios, WA_3","WOS:000170452600002
","","","","","",7
"Aulestia, M_3","WOS:000170452600002
","","","","","",8
"Hofstede, RGM_2","WOS:000172540400008
","Univ Otago, Dept Bot, Dunedin, New Zealand.","","","","",1
"Dickinson, KJM_1","WOS:000172540400008
","","Univ Otago, Dept Bot, POB 56, Dunedin, New Zealand","","","",2
"Mark, AF_1","WOS:000172540400008
","","","","","",3
"Canaday, C_1","WOS:000168327400007
","CECIA, Quito, Ecuador.","CECIA, Quito, Ecuador, Ecuador","","","",1
"Rivadeneyra, J_1","WOS:000168327400007
","CECIA, Quito, Ecuador.","","","","",2
"Smith, F_2","WOS:000167138200016
","Univ Otago, Dept Marine Sci, Dunedin, New Zealand.","Estac Cientif Charles Darwin, Programa Invest Monitoreo Ecosistema & Communidad, Av 6 Diciembre & Pasaje Calif,N 36-109, Quito, Ecuador","","","",1
"Greeney, HF_3","WOS:000167920700006
","Univ Arizona, Dept Entomol, Tucson, AZ 85721 USA.","FEPIN, Yanayacu Biol Stn, Carr 21-01 & Juan Leon Mera, Quito, Ecuador","","","",1
"Anthelme, Fabien_1","WOS:000345706100008
",NA,"","","","",1
"Gomez-Aparicio, Lorena_1","WOS:000345706100008
",NA,"","","","",2
"Montufar, Rommel_1","WOS:000345706100008
",NA,"","","","",3
