"AU","AU_ID","AU_ID_Dupe","Similarity","AF","EM","C1","RP","RID","RI","OI"
"Trueman, M","Trueman, M_1","Trueman, M_2","1","Trueman, Mandy","","Charles Darwin Fdn, Puerto Ayora, Galapagos, Ecuador.","Univ Western Australia, 35 Stirling Highway, Crawley, WA 6009, Australia","","",""
"Atkinson, R","Atkinson, R_1","Atkinson, RJ_1","0.884166666666667","Atkinson, Rachel","","","","","",""
"Guezou, A","Guezou, A_1","Guezou, A_2","1","Guezou, Anne","","","","","",""
"Wurm, P","Wurm, P_1",NA,NA,"Wurm, Penny","","","","","",""
"Metz, MR","Metz, MR_1",NA,NA,"Metz, Margaret R.","","Univ Calif Berkeley, Dept Integrat Biol, Berkeley, CA 94720 USA.","Univ Calif Berkeley, Dept Integrat Biol, Berkeley, CA 94720 USA","","",""
"Sousa, WP","Sousa, WP_1",NA,NA,"Sousa, Wayne P.","","","","","",""
"Valencia, R","Valencia, R_1","Valencia, R_12","0.9375","Valencia, Renato","","","","","",""
"Larrea, ML","Larrea, ML_1",NA,NA,"Larrea, Mario L.","","EcoCiencia, Quito, Ecuador.","","","",""
"Werner, FA","Werner, FA_1",NA,NA,"Werner, Florian A.","","","Carl von Ossietzky Univ Oldenburg, Inst Biol & Umweltwissench, AG Funkt Okol, Carl von Ossietzkystr 9-11,POB 2503, D-26111 Oldenburg, Germany","","",""
"Acurio, A","Acurio, A_1",NA,NA,"Acurio, Andrea","","Pontificia Univ Catolica Ecuador, Dept Biol Sci, Quito, Ecuador.","Pontificia Univ Catolica Ecuador, Dept Biol Sci, Apartado 17-01-2184, Quito, Ecuador","","",""
"Rafael, V","Rafael, V_1",NA,NA,"Rafael, Violeta","","","","","",""
"Dangles, O","Dangles, O_1","Dangles, O_4","0.906818181818182","Dangles, Olivier","","","","","",""
"Castro, SA","Castro, SA_1",NA,NA,"Castro, Sergio A.","","Univ Santiago Chile, Dept Biol, Santiago, Chile.","Univ Santiago Chile, Dept Biol, Av Lib B Ohiggins 3363, Santiago, Chile","","",""
"Daehler, CC","Daehler, CC_1",NA,NA,"Daehler, Curtis C.","","","","","",""
"Silva, L","Silva, L_1",NA,NA,"Silva, Luis","","","","","",""
"Torres-Santana, CW","Torres-Santana, CW_1",NA,NA,"Torres-Santana, Christian W.","","","","","",""
"Reyes-Betancort, JA","Reyes-Betancort, JA_1",NA,NA,"Reyes-Betancort, Jorge A.","","","","","",""
"Atkinson, R","Atkinson, R_2","Atkinson, RJ_1","0.884166666666667","Atkinson, Rachel","","","","","",""
"Jaramillo, P","Jaramillo, P_1","Jaramillo, P_2","1","Jaramillo, Patricia","","","","","",""
"Guezou, A","Guezou, A_2","Guezou, A_2","1","Guezou, Anne","","","","","",""
"Jaksic, FM","Jaksic, FM_1",NA,NA,"Jaksic, Fabian M.","","","","","",""
"Gaos, AR","Gaos, AR_1",NA,NA,"Gaos, Alexander R.","","Ocean Fdn, Washington, DC USA.","Ocean Fdn, Washington, DC USA","","",""
"Abreu-Grobois, FA","Abreu-Grobois, FA_1",NA,NA,"Abreu-Grobois, F. A.","","","","","",""
"Alfaro-Shigueto, J","Alfaro-Shigueto, J_1",NA,NA,"Alfaro-Shigueto, J.","","ProDelphinus, Lima, Peru.
Univ Exeter, Exeter, Devon, England.","","","",""
"Amorocho, D","Amorocho, D_1",NA,NA,"Amorocho, D.","","Ctr Invest El Manejo Ambiental & El Desarrollo, Cali, Colombia.","","","",""
"Arauz, R","Arauz, R_1",NA,NA,"Arauz, R.","","Programa Restaurac Tortugas Marinas, San Jose, Costa Rica.","","","",""
"Baquero, A","Baquero, A_1",NA,NA,"Baquero, A.","","Fdn Equilibrio Azul, Quito, Ecuador.
Univ San Francisco Quito, Quito, Ecuador.","","","",""
"Briseno, R","Briseno, R_1",NA,NA,"Briseno, R.","","UNAM, Lab Genet & Banco Informac Tortugas Marinas, Inst Ciencias Mar & Limnol, Mazatlan, Mexico.","","","",""
"Chacon, D","Chacon, D_1",NA,NA,"Chacon, D.","","WIDECAST Latin Amer, San Jose, Costa Rica.","","","",""
"Duenas, C","Duenas, C_1",NA,NA,"Duenas, C.","","Minist Medio Ambiente & Recursos Nat, San Salvador, El Salvador.","","","",""
"Hasbun, C","Hasbun, C_1",NA,NA,"Hasbun, C.","","USAID, Santa Elena, La Libertad, El Salvador.","","","",""
"Liles, M","Liles, M_1",NA,NA,"Liles, M.","","Fdn Zool El Salvador, San Salvador, El Salvador.","","","",""
"Mariona, G","Mariona, G_1",NA,NA,"Mariona, G.","","Fdn Zool El Salvador, San Salvador, El Salvador.","","","",""
"Muccio, C","Muccio, C_1",NA,NA,"Muccio, C.","","Asociac Rescate & Conservac Vida Silvestre, San Lucas Sacatepequez, Guatemala.","","","",""
"Munoz, JP","Munoz, JP_1",NA,NA,"Munoz, J. P.","","","","","",""
"Nichols, WJ","Nichols, WJ_1",NA,NA,"Nichols, W. J.","","","","","",""
"Pena, M","Pena, M_1",NA,NA,"Pena, M.","","Fdn Equilibrio Azul, Quito, Ecuador.","","","",""
"Seminoff, JA","Seminoff, JA_1",NA,NA,"Seminoff, J. A.","","","","","",""
"Vasquez, M","Vasquez, M_1",NA,NA,"Vasquez, M.","","Univ El Salvador, Inst Ciencias Mar & Limnol, San Salvador, El Salvador.","","","",""
"Urteaga, J","Urteaga, J_1",NA,NA,"Urteaga, J.","","Fauna & Flora Int, Managua, Nicaragua.","","","",""
"Wallace, B","Wallace, B_1",NA,NA,"Wallace, B.","","Conservat Int, Global Marine Div, Arlington, TX USA.","","","",""
"Yanez, IL","Yanez, IL_1",NA,NA,"Yanez, I. L.","","","","","",""
"Zarate, P","Zarate, P_1",NA,NA,"Zarate, P.","","Univ Florida, Archie Carr Ctr Sea Turtle Res, Gainesville, FL USA.
Univ Florida, Dept Biol, Gainesville, FL USA.
Charles Darwin Fdn, Santa Cruz Isl, Galapagos Isl, Ecuador.","","","",""
"Edgar, GJ","Edgar, GJ_1","Edgar, GJ_3","0.9125","Edgar, Graham J.","","Univ Tasmania, Tasmanian Aquaculture & Fisheries Inst, Hobart, Tas 7001, Australia.","Univ Tasmania, Tasmanian Aquaculture & Fisheries Inst, Private Bag 49, Hobart, Tas 7001, Australia","","",""
"Banks, SA","Banks, SA_1",NA,NA,"Banks, Stuart A.","","","","","",""
"Brandt, M","Brandt, M_1",NA,NA,"Brandt, Margarita","","","","","",""
"Bustamante, RH","Bustamante, RH_1","Bustamante, RH_5","0.927272727272727","Bustamante, Rodrigo H.","","","","","",""
"Chiriboga, A","Chiriboga, A_1","Chiriboga, AI_1","0.934615384615385","Chiriboga, Angel","","","","","",""
"Earle, SA","Earle, SA_1",NA,NA,"Earle, Sylvia A.","","","","","",""
"Garske, LE","Garske, LE_1","Garske, LE_2","0.917647058823529","Garske, Lauren E.","","","","","",""
"Glynn, PW","Glynn, PW_1",NA,NA,"Glynn, Peter W.","","","","","",""
"Grove, JS","Grove, JS_1",NA,NA,"Grove, Jack S.","","","","","",""
"Henderson, S","Henderson, S_1","Henderson, S_2","1","Henderson, Scott","","","","","",""
"Hickman, CP","Hickman, CP_1",NA,NA,"Hickman, Cleve P.","","","","","",""
"Miller, KA","Miller, KA_1",NA,NA,"Miller, Kathy A.","","","","","",""
"Rivera, F","Rivera, F_1",NA,NA,"Rivera, Fernando","","","","","",""
"Wellington, GM","Wellington, GM_1",NA,NA,"Wellington, Gerald M.","","","","","",""
"Wullaert, H","Wullaert, H_1",NA,NA,"Wullaert, H.","","Johannes Gutenberg Univ Mainz, Earth Syst Sci Res Ctr, Inst Geog, Mainz, Germany.","","","",""
"Homeier, J","Homeier, J_1","Homeier, J_2","0.981818181818182","Homeier, J.","","","","","",""
"Valarezo, C","Valarezo, C_1","Valarezo, C_3","0.983333333333333","Valarezo, C.","","Univ Gottingen, Albrecht von Haller Inst Plant Sci, Gottingen, Germany.
Univ Natl de Loja, Direcc Gen Invest, Sector La Argelia, Loja, Ecuador.","","","",""
"Wilcke, W","Wilcke, W_1","Wilcke, W_3","0.98","Wilcke, W.","","Univ Bern, Inst Geog, CH-3012 Bern, Switzerland.","Univ Bern, Inst Geog, Hallerstr 12, CH-3012 Bern, Switzerland","","",""
"Tello, JS","Tello, JS_1","Tello, JS_2","1","Tello, J. Sebastian","","Louisiana State Univ, Dept Biol Sci, Baton Rouge, LA 70803 USA.","Louisiana State Univ, Dept Biol Sci, Baton Rouge, LA 70803 USA","","",""
"Stevens, RD","Stevens, RD_1","Stevens, RD_2","1","Stevens, Richard D.","","","","","",""
"Greeney, HF","Greeney, HF_1","Greeney, HF_3","0.922222222222222","Greeney, Harold F.","","Yanayacu Biol Stn, Quito, Ecuador.","Yanayacu Biol Stn, Foch 721 & Amazonas, Quito, Ecuador","","",""
"Jager, H","Jager, H_1","Jager, H_3","0.878388278388278","Jager, Heinke","","Tech Univ Berlin, Dept Ecol, D-12165 Berlin, Germany.","Tech Univ Berlin, Dept Ecol, Rothenburgstr 12, D-12165 Berlin, Germany","","",""
"Kowarik, I","Kowarik, I_1","Kowarik, I_3","1","Kowarik, Ingo","","","","","",""
"Donoso, DA","Donoso, DA_1",NA,NA,"Donoso, David A.","","Univ Oklahoma, Dept Zool, Grad Program Ecol & Evolutionary Biol, Norman, OK 73019 USA.","Univ Oklahoma, Dept Zool, Grad Program Ecol & Evolutionary Biol, Norman, OK 73019 USA","","",""
"Johnston, MK","Johnston, MK_1",NA,NA,"Johnston, Mary K.","","","","","",""
"Kaspari, M","Kaspari, M_1",NA,NA,"Kaspari, Michael","","","","","",""
"Devineau, O","Devineau, O_1",NA,NA,"Devineau, Olivier","","Colorado State Univ, Dept Fish Wildlife & Conservat Biol, Ft Collins, CO USA.","Fdn Charles Darwin, Isla Santa Cruz, Galapagos, Ecuador","","",""
"Shenk, TM","Shenk, TM_1",NA,NA,"Shenk, Tanya M.","","","","","",""
"White, GC","White, GC_1",NA,NA,"White, Gary C.","","","","","",""
"Doherty, PF","Doherty, PF_1",NA,NA,"Doherty, Paul F., Jr.","","","","","",""
"Lukacs, PM","Lukacs, PM_1",NA,NA,"Lukacs, Paul M.","","","","","",""
"Kahn, RH","Kahn, RH_1",NA,NA,"Kahn, Richard H.","","","","","",""
"Harper, GA","Harper, GA_1",NA,NA,"Harper, G. A.","","Charles Darwin Fdn, Quito, Ecuador.","Rotoiti Nat Recovery Project, Dept Conservat, POB 55, St Arnaud 7053, New Zealand","","",""
"Cabrera, LF","Cabrera, LF_1",NA,NA,"Cabrera, L. F.","","","","","",""
"Dyer, LA","Dyer, LA_1",NA,NA,"Dyer, Lee A.","","Univ Nevada, Biol Dept 0314, Reno, NV 89557 USA.","Univ Nevada, Biol Dept 0314, 1664 N Virginia St, Reno, NV 89557 USA","","",""
"Walla, TR","Walla, TR_1",NA,NA,"Walla, Thomas R.","","","","","",""
"Greeney, HF","Greeney, HF_2","Greeney, HF_3","0.922222222222222","Greeney, Harold F.","","","","","",""
"Stireman, JO","Stireman, JO_1",NA,NA,"Stireman, John O., III","","","","","",""
"Hazen, RF","Hazen, RF_1",NA,NA,"Hazen, Rebecca F.","","","","","",""
"DeWalt, SJ","DeWalt, SJ_1",NA,NA,"DeWalt, Saara J.","","Clemson Univ, Dept Biol Sci, Clemson, SC 29634 USA.","Clemson Univ, Dept Biol Sci, Clemson, SC 29634 USA","","",""
"Schnitzer, SA","Schnitzer, SA_1",NA,NA,"Schnitzer, Stefan A.","","","","","",""
"Chave, J","Chave, J_1","Chave, J_4","0.923076923076923","Chave, Jerome","","","","","",""
"Bongers, F","Bongers, F_1",NA,NA,"Bongers, Frans","","","","","",""
"Burnham, RJ","Burnham, RJ_1",NA,NA,"Burnham, Robyn J.","","","","","",""
"Cai, ZQ","Cai, ZQ_1",NA,NA,"Cai, Zhiquan","","","","","",""
"Chuyong, G","Chuyong, G_1","Chuyong, GB_1","0.954166666666667","Chuyong, Georges","","","","","",""
"Clark, DB","Clark, DB_1",NA,NA,"Clark, David B.","","","","","",""
"Ewango, CEN","Ewango, CEN_1",NA,NA,"Ewango, Corneille E. N.","","","","","",""
"Gerwing, JJ","Gerwing, JJ_1",NA,NA,"Gerwing, Jeffrey J.","","","","","",""
"Gortaire, E","Gortaire, E_1",NA,NA,"Gortaire, Esteban","","","","","",""
"Hart, T","Hart, T_1","Hart, T_2","0.891666666666667","Hart, Terese","","","","","",""
"Ibarra-Manriquez, G","Ibarra-Manriquez, G_1",NA,NA,"Ibarra-Manriquez, Guillermo","","","","","",""
"Ickes, K","Ickes, K_1",NA,NA,"Ickes, Kalan","","","","","",""
"Kenfack, D","Kenfack, D_1","Kenfack, D_3","1","Kenfack, David","","","","","",""
"Macia, MJ","Macia, MJ_1",NA,NA,"Macia, Manuel J.","","","","","",""
"Makana, JR","Makana, JR_1",NA,NA,"Makana, Jean-Remy","","","","","",""
"Martinez-Ramos, M","Martinez-Ramos, M_1",NA,NA,"Martinez-Ramos, Miguel","","","","","",""
"Mascaro, J","Mascaro, J_1",NA,NA,"Mascaro, Joseph","","","","","",""
"Moses, S","Moses, S_1",NA,NA,"Moses, Sainge","","","","","",""
"Muller-Landau, HC","Muller-Landau, HC_1","Muller-Landau, HC_2","1","Muller-Landau, Helene C.","","","","","",""
"Parren, MPE","Parren, MPE_1",NA,NA,"Parren, Marc P. E.","","","","","",""
"Parthasarathy, N","Parthasarathy, N_1",NA,NA,"Parthasarathy, Narayanaswamy","","","","","",""
"Perez-Salicrup, DR","Perez-Salicrup, DR_1",NA,NA,"Perez-Salicrup, Diego R.","","","","","",""
"Putz, FE","Putz, FE_1",NA,NA,"Putz, Francis E.","","","","","",""
"Romero-Saltos, H","Romero-Saltos, H_1",NA,NA,"Romero-Saltos, Hugo","","","","","",""
"Thomas, D","Thomas, D_1","Thomas, DW_1","0.964705882352941","Thomas, Duncan","","","","","",""
"Romero-Munoz, A","Romero-Munoz, A_1",NA,NA,"Romero-Munoz, Alfredo","","Wildlife Conservat Soc Bolivia, Santa Cruz, Bolivia.","Calama 143, Sucre, Bolivia","","",""
"Maffei, L","Maffei, L_1",NA,NA,"Maffei, Leonardo","","","","","",""
"Cuellar, E","Cuellar, E_1",NA,NA,"Cuellar, Erika","","","","","",""
"Noss, AJ","Noss, AJ_1",NA,NA,"Noss, Andrew J.","","","","","",""
"Pearson, DL","Pearson, DL_1",NA,NA,"Pearson, David L.","dpearson@asu.edu","Arizona State Univ, Sch Life Sci, Tempe, AZ 85287 USA.","Arizona State Univ, Sch Life Sci, Tempe, AZ 85287 USA","","",""
"Anderson, CD","Anderson, CD_1",NA,NA,"Anderson, Corey Devin","","","","","",""
"Mitchell, BR","Mitchell, BR_1",NA,NA,"Mitchell, Brian R.","","","","","",""
"Rosenberg, MS","Rosenberg, MS_1",NA,NA,"Rosenberg, Michael S.","","","","","",""
"Navarrete, R","Navarrete, R_1",NA,NA,"Navarrete, Ronald","","","","","",""
"Coopmans, P","Coopmans, P_1",NA,NA,"Coopmans, Paul","","","","","",""
"Gibbs, JP","Gibbs, JP_1","Gibbs, JP_4","0.92","Gibbs, James P.","","SUNY Syracuse, Coll Environm Sci & Forestry, Syracuse, NY 13210 USA.","SUNY Syracuse, Coll Environm Sci & Forestry, Syracuse, NY 13210 USA","","",""
"Sterling, EJ","Sterling, EJ_1","Sterling, EJ_2","1","Sterling, Eleanor J.","","","","","",""
"Zabala, FJ","Zabala, FJ_1",NA,NA,"Javier Zabala, F.","","","","","",""
"Cruz-Delgado, F","Cruz-Delgado, F_1",NA,NA,"Cruz-Delgado, Francisco","","Univ Autonoma Madrid, Dept Ecol, E-28049 Madrid 2, Spain.","","","",""
"Wiedenfeld, DA","Wiedenfeld, DA_1","Wiedenfeld, DA_2","1","Wiedenfeld, David A.","","","","","",""
"Gonzalez, JA","Gonzalez, JA_1","Gonzalez, JA_2","0.941176470588235","Gonzalez, Jose A.","","","Univ Autonoma Madrid, Dept Ecol, E-28049 Madrid 2, Spain","","",""
"Watson, J","Watson, J_1",NA,NA,"Watson, James","","Univ Queensland, Ctr Ecol, Ctr Appl Environm Decis Anal, St Lucia, Qld 4072, Australia.","Univ Queensland, Ctr Ecol, Ctr Appl Environm Decis Anal, St Lucia, Qld 4072, Australia","","",""
"Trueman, M","Trueman, M_2","Trueman, M_2","1","Trueman, Mandy","","","","","",""
"Tufet, M","Tufet, M_1",NA,NA,"Tufet, Marta","","","","","",""
"Henderson, S","Henderson, S_2","Henderson, S_2","1","Henderson, Scott","","","","","",""
"Atkinson, R","Atkinson, R_3","Atkinson, RJ_1","0.884166666666667","Atkinson, Rachel","","","","","",""
"Lamb, RW","Lamb, RW_1",NA,NA,"Lamb, Robert W.","","Oregon State Univ, Dept Zool, Corvallis, OR 97331 USA.","Univ San Francisco Quito Diego Robles & Via Inter, Cumbaya, Ecuador","","",""
"Johnson, DW","Johnson, DW_1",NA,NA,"Johnson, Darren W.","","Oregon State Univ, Dept Zool, Corvallis, OR 97331 USA.","","","",""
"Gardener, MR","Gardener, MR_1",NA,NA,"Gardener, Mark R.","","Charles Darwin Fdn, Puerto Ayora, Galapagos Isl, Ecuador.","Charles Darwin Fdn, Puerto Ayora, Galapagos Isl, Ecuador","","",""
"Atkinson, R","Atkinson, R_4","Atkinson, RJ_1","0.884166666666667","Atkinson, Rachel","","","","","",""
"Renteria, JL","Renteria, JL_1",NA,NA,"Renteria, Jorge Luis","","","","","",""
"Jost, L","Jost, L_1","Jost, L_2","1","Jost, Lou","","Univ New Orleans, Dept Biol Sci, New Orleans, LA 70148 USA.","S Amer Explorers Club, Apdo 17-21-431, Eloy Alfaro, Quito, Ecuador","","",""
"DeVries, P","DeVries, P_1",NA,NA,"DeVries, Philip","","","","","",""
"Walla, T","Walla, T_1","Walla, T_1","1","Walla, Thomas","","","","","",""
"Greeney, H","Greeney, H_1","Greeney, HF_3","0.915151515151515","Greeney, Harold","","","","","",""
"Chao, A","Chao, A_1",NA,NA,"Chao, Anne","","","","","",""
"Ricotta, C","Ricotta, C_1",NA,NA,"Ricotta, Carlo","","","","","",""
"Cisneros-Heredia, DF","Cisneros-Heredia, DF_1",NA,NA,"Cisneros-Heredia, Diego F.","","Univ San Francisco Quito, Colegio Ciencias Biol & Ambiertales, Quito, Ecuador.","Univ San Francisco Quito, Colegio Ciencias Biol & Ambiertales, Campus Cumbaya,Edif Darwin,DW-010A,Casilla 17-120, Quito, Ecuador","","",""
"Delia, J","Delia, J_1",NA,NA,"Delia, Jesse","","","","","",""
"Yanez-Munoz, MH","Yanez-Munoz, MH_1",NA,NA,"Yanez-Munoz, Mario H.","","","","","",""
"Ortega-Andrade, HM","Ortega-Andrade, HM_1",NA,NA,"Ortega-Andrade, H. Mauricio","","","","","",""
"Linares-Palomino, R","Linares-Palomino, R_1",NA,NA,"Linares-Palomino, Reynaldo","","Univ Gottingen, Dept Systemat Bot, D-37073 Gottingen, Germany.","Univ Nacl Agr La Molina, Herbario Forestal MOL, Apartado 456, Lima 1, Peru","","",""
"Kvist, LP","Kvist, LP_1",NA,NA,"Kvist, Lars Peter","","","","","",""
"Aguirre-Mendoza, Z","Aguirre-Mendoza, Z_1",NA,NA,"Aguirre-Mendoza, Zhofre","","","","","",""
"Gonzales-Inca, C","Gonzales-Inca, C_1",NA,NA,"Gonzales-Inca, Carlos","","","","","",""
"Knoke, T","Knoke, T_1",NA,NA,"Knoke, Thomas","","Tech Univ Munich, Inst Forest Management, Ctr Life & Food Sci Weihenstephan, D-8050 Freising Weihenstephan, Germany.","Tech Univ Munich, Inst Forest Management, Ctr Life & Food Sci Weihenstephan, D-8050 Freising Weihenstephan, Germany","","",""
"Calvas, B","Calvas, B_1",NA,NA,"Calvas, Baltazar","","","","","",""
"Aguirre, N","Aguirre, N_1","Aguirre, N_2","0.925","Aguirre, Nikolay","","","","","",""
"Roman-Cuesta, RM","Roman-Cuesta, RM_1",NA,NA,"Roman-Cuesta, Rosa Maria","","","","","",""
"Gunter, S","Gunter, S_1",NA,NA,"Guenter, Sven","","","","","",""
"Stimm, B","Stimm, B_1","Stimm, B_2","1","Stimm, Bernd","","","","","",""
"Weber, M","Weber, M_1","Weber, M_3","1","Weber, Michael","","","","","",""
"Mosandl, R","Mosandl, R_1","Mosandl, R_2","1","Mosandl, Reinhard","","","","","",""
"Treves, A","Treves, A_1",NA,NA,"Treves, Adrian","atreves@wisc.edu","Nelson Inst Environm Studies, Madison, WI 53706 USA.","Nelson Inst Environm Studies, 30A Sci Hall,550 N Pk St, Madison, WI 53706 USA","","",""
"Wallace, RB","Wallace, RB_1",NA,NA,"Wallace, R. B.","","","","","",""
"White, S","White, S_1",NA,NA,"White, S.","","Fdn Cordillera Trop, Cuenca, Ecuador.","","","",""
"Levin, II","Levin, II_1",NA,NA,"Levin, Iris I.","","Univ Missouri, Dept Biol, St Louis, MO 63121 USA.","Univ Missouri, Dept Biol, 1 Univ Blvd, St Louis, MO 63121 USA","","",""
"Outlaw, DC","Outlaw, DC_1",NA,NA,"Outlaw, Diana C.","","","","","",""
"Vargas, FH","Vargas, FH_1","Vargas, FH_5","0.698692810457516","Hernan Vargas, F.","","","","","",""
"Parker, PG","Parker, PG_1","Parker, PG_3","0.905263157894737","Parker, Patricia G.","","","","","",""
"Jager, H","Jager, H_2","Jager, H_3","1","Jaeger, Heinke","","Tech Univ Berlin, Dept Ecol, D-12165 Berlin, Germany.","Tech Univ Berlin, Dept Ecol, Rothenburgstr 12, D-12165 Berlin, Germany","","",""
"Kowarik, I","Kowarik, I_2","Kowarik, I_3","1","Kowarik, Ingo","","","","","",""
"Tye, A","Tye, A_1","Tye, A_5","0.933333333333333","Tye, Alan","","","","","",""
"Dangles, O","Dangles, O_2","Dangles, O_4","0.906818181818182","Dangles, Olivier","dangles@legs.cnrs-gif.fr","PUCE, Fac Ciencias Exactas & Nat, Quito, Ecuador.","PUCE, Fac Ciencias Exactas & Nat, Quito, Ecuador","","",""
"Mesias, V","Mesias, V_1",NA,NA,"Mesias, Veronica","","","","","",""
"Crespo-Perez, V","Crespo-Perez, V_1",NA,NA,"Crespo-Perez, Veronica","","","","","",""
"Silvain, JF","Silvain, JF_1","Silvain, JF_3","0.869090909090909","Silvain, Jean-Francois","","","","","",""
"Gloor, M","Gloor, M_1",NA,NA,"Gloor, M.","","Univ Leeds, Sch Geog, Leeds LS2 9JT, W Yorkshire, England.","Univ Leeds, Sch Geog, Leeds LS2 9JT, W Yorkshire, England","","",""
"Phillips, OL","Phillips, OL_1","Phillips, OL_6","0.96","Phillips, O. L.","","","","","",""
"Lloyd, JJ","Lloyd, JJ_1",NA,NA,"Lloyd, J. J.","","","","","",""
"Lewis, SL","Lewis, SL_1","Lewis, SL_4","0.95","Lewis, S. L.","","","","","",""
"Malhi, Y","Malhi, Y_1","Malhi, Y_6","0.977777777777778","Malhi, Y.","","Univ Oxford, Oxford, England.","","","",""
"Baker, TR","Baker, TR_1","Baker, TR_5","0.95","Baker, T. R.","","","","","",""
"Lopez-Gonzalez, G","Lopez-Gonzalez, G_1",NA,NA,"Lopez-Gonzalez, G.","","Univ Leeds, Sch Geog, Leeds LS2 9JT, W Yorkshire, England.","","","",""
"Peacock, J","Peacock, J_1",NA,NA,"Peacock, J.","","Univ Leeds, Sch Geog, Leeds LS2 9JT, W Yorkshire, England.","","","",""
"Almeida, S","Almeida, S_1","Almeida, S_5","0.981818181818182","Almeida, S.","","Paraense Emilio Goeldi, Belem, Para, Brazil.","","","",""
"de Oliveira, ACA","de Oliveira, ACA_1",NA,NA,"Alves de Oliveira, A. C.","","","","","",""
"Alvarez, E","Alvarez, E_1","Alvarez, E_2","0.981818181818182","Alvarez, E.","","Columbia Univ, Medellin, Colombia.","","","",""
"Amaral, I","Amaral, I_1",NA,NA,"Amaral, I.","","Team INPA, Manaus, Amazonas, Brazil.","","","",""
"Arroyo, L","Arroyo, L_1","Arroyo, L_5","0.98","Arroyo, L.","","Missouri Bot Garden, Santa Cruz, Bolivia.
Museo Hist Nat Noel Kempff Mercado, Santa Cruz, Bolivia.","","","",""
"Aymard, G","Aymard, G_1",NA,NA,"Aymard, G.","","UNELLEZ Guanare, Guanare, Venezuela.","","","",""
"Banki, O","Banki, O_1",NA,NA,"Banki, O.","","Univ Utrecht, NL-3508 TC Utrecht, Netherlands.","","","",""
"Blanc, L","Blanc, L_1",NA,NA,"Blanc, L.","","UMR, Kourou, French Guiana.","","","",""
"Bonal, D","Bonal, D_1",NA,NA,"Bonal, D.","","UMR, Kourou, French Guiana.","","","",""
"Brando, P","Brando, P_1",NA,NA,"Brando, P.","","","","","",""
"Chao, KJ","Chao, KJ_1",NA,NA,"Chao, K. -J.","","","","","",""
"Chave, J","Chave, J_2","Chave, J_4","0.977777777777778","Chave, J.","","","","","",""
"Davila, N","Davila, N_1","Davila, N_2","0.885882352941176","Davila, N.","","","","","",""
"Erwin, T","Erwin, T_1","Erwin, T_2","0.977777777777778","Erwin, T.","","Smithsonian Inst, Washington, DC 20560 USA.","","","",""
"Silva, J","Silva, J_1","Silva, JNM_3","0.937777777777778","Silva, J.","","Univ San Abad Cusco, Cuzco, Peru.","","","",""
"Di Fiore, A","Di Fiore, A_1","Di Fiore, A_3","0.983333333333333","Di Fiore, A.","","NYU, New York, NY USA.","","","",""
"Feldpausch, TR","Feldpausch, TR_1",NA,NA,"Feldpausch, T. R.","","","","","",""
"Freitas, A","Freitas, A_1",NA,NA,"Freitas, A.","","Museu Paraense Emilio Goeldi, Belem, Para, Brazil.","","","",""
"Herrera, R","Herrera, R_1",NA,NA,"Herrera, R.","","IVIC, Caracas, Venezuela.","","","",""
"Higuchi, N","Higuchi, N_1","Higuchi, N_4","0.981818181818182","Higuchi, N.","","Inst Natl Pesquisas Amazonia, Manaus, Amazonas, Brazil.","","","",""
"Honorio, E","Honorio, E_1",NA,NA,"Honorio, E.","","IIAP, Iquitos, Peru.","","","",""
"Jimenez, E","Jimenez, E_1",NA,NA,"Jimenez, E.","","Univ Nacl Colombia, Leticia, Colombia.","","","",""
"Killeen, T","Killeen, T_1","Killeen, T_2","0.981818181818182","Killeen, T.","","Conservat Int, Washington, DC USA.","","","",""
"Laurance, W","Laurance, W_1","Laurance, WF_4","0.966666666666667","Laurance, W.","","Smithsonian Trop Res Inst, Ancon, Panama.","","","",""
"Mendoza, C","Mendoza, C_1",NA,NA,"Mendoza, C.","","Manejo Forestal Tierras Trop Bolivia, Fomabo, Sacta, Bolivia.","","","",""
"Monteagudo, A","Monteagudo, A_1","Monteagudo, A_6","0.985714285714286","Monteagudo, A.","","Jardin Bot Missouri, Proyecto Flora Peru, Oxapampa, Peru.","","","",""
"Andrade, A","Andrade, A_1",NA,NA,"Andrade, A.","","INPA, Manaus, Amazonas, Brazil.","","","",""
"Neill, D","Neill, D_1","Neill, DA_6","0.955555555555555","Neill, D.","","Fdn Jatun Sacha, Quito, Ecuador.
Missouri Bot Garden, Quito, Ecuador.","","","",""
"Nepstad, D","Nepstad, D_1",NA,NA,"Nepstad, D.","","Woods Hole Res Ctr, Woods Hole, MA USA.","","","",""
"Vargas, PN","Vargas, PN_1","Vargas, PN_5","0.672685185185185","Nunez Vargas, P.","","","","","",""
"Penuela, MC","Penuela, MC_1",NA,NA,"Penuela, M. C.","","","","","",""
"Cruz, AP","Cruz, AP_1",NA,NA,"Pena Cruz, A.","","","","","",""
"Prieto, A","Prieto, A_1",NA,NA,"Prieto, A.","","Univ Nacl Colombia, Inst Ciencias Nat, Bogota, Colombia.","","","",""
"Pitman, N","Pitman, N_1","Pitman, NCA_8","0.943636363636364","Pitman, N.","","Duke Univ, Ctr Trop Conservat, Durham, NC 27706 USA.","","","",""
"Quesada, C","Quesada, C_1","Quesada, CA_3","0.963636363636364","Quesada, C.","","","","","",""
"Salomao, R","Salomao, R_1","Salomao, R_4","0.981818181818182","Salomao, R.","","","","","",""
"Silveira, M","Silveira, M_1","Silveira, M_3","0.9375","Silveira, Marcos","","","","","",""
"Schwarz, M","Schwarz, M_1",NA,NA,"Schwarz, M.","","","","","",""
"Stropp, J","Stropp, J_1",NA,NA,"Stropp, J.","","Univ Utrecht, NL-3508 TC Utrecht, Netherlands.","","","",""
"Ramirez, F","Ramirez, F_1",NA,NA,"Ramirez, F.","","Univ Nacl Amazonia Peruana, Iquitos, Peru.","","","",""
"Ramirez, H","Ramirez, H_1",NA,NA,"Ramirez, H.","","Univ Los Andes, Merida, Venezuela.","","","",""
"Rudas, A","Rudas, A_1",NA,NA,"Rudas, A.","","Univ Nacl Colombia, Inst Ciencias Nat, Bogota, Colombia.","","","",""
"ter Steege, H","ter Steege, H_1",NA,NA,"ter Steege, H.","","NHN Utrecht, Utrecht, Netherlands.","","","",""
"Silva, N","Silva, N_1","Silva, N_2","0.977777777777778","Silva, N.","","CIFOR, Tapajos, Brazil.
EMBRAPA Amazonia Oriental, Belem, Para, Brazil.","","","",""
"Torres, A","Torres, A_1",NA,NA,"Torres, A.","","Univ Los Andes, Merida, Venezuela.","","","",""
"Terborgh, J","Terborgh, J_1","Terborgh, JW_2","0.966666666666667","Terborgh, J.","","","","","",""
"Vasquez, R","Vasquez, R_1","Vasquez, R_2","0.981818181818182","Vasquez, R.","","Jardin Bot Missouri, Proyecto Flora Peru, Oxapampa, Peru.","","","",""
"van der Heijden, G","van der Heijden, G_1",NA,NA,"van der Heijden, G.","","","","","",""
"Valencia, R","Valencia, R_2","Valencia, R_12","0.9375","Valencia, Renato","lrvalencia@puce.edu.ec","Pontificia Univ Catolica Ecuador, Lab Ecol Plantas & Herbario QCA, Escuela Ciencias Biol, Quito, Ecuador.","Pontificia Univ Catolica Ecuador, Lab Ecol Plantas & Herbario QCA, Escuela Ciencias Biol, Apartado 17-01-2184, Quito, Ecuador","","",""
"Condit, R","Condit, R_1","Condit, R_4","0.92","Condit, Richard","","","","","",""
"Muller-Landau, HC","Muller-Landau, HC_2","Muller-Landau, HC_2","1","Muller-Landau, Helene C.","","","","","",""
"Hernandez, C","Hernandez, C_1","Hernandez, C_2","0.926315789473684","Hernandez, Consuelo","","","","","",""
"Navarrete, H","Navarrete, H_1","Navarrete, H_2","1","Navarrete, Hugo","","","","","",""
"Stegen, JC","Stegen, JC_1",NA,NA,"Stegen, James C.","","Univ Arizona, Dept Ecol & Evolutionary Biol, Tucson, AZ 85721 USA.","1041 E Lowell St,Biosci W Room 310, Tucson, AZ 85721 USA","","",""
"Swenson, NG","Swenson, NG_1",NA,NA,"Swenson, Nathan G.","","","","","",""
"Valencia, R","Valencia, R_3","Valencia, R_12","0.9375","Valencia, Renato","","","","","",""
"Enquist, BJ","Enquist, BJ_1",NA,NA,"Enquist, Brian J.","","","","","",""
"Thompson, J","Thompson, J_1",NA,NA,"Thompson, Jill","","","","","",""
"Mordecai, RS","Mordecai, RS_1",NA,NA,"Mordecai, Rua S.","","Univ Georgia, Sch Forestry & Nat Resources, Athens, GA 30602 USA.","Univ Georgia, Sch Forestry & Nat Resources, Athens, GA 30602 USA","","",""
"Cooper, RJ","Cooper, RJ_1",NA,NA,"Cooper, Robert J.","","","","","",""
"Justicia, R","Justicia, R_1",NA,NA,"Justicia, Rebeca","","","","","",""
"Suarez, E","Suarez, E_1","Suarez, ER_3","0.96","Suarez, E.","","Ecuador Program, Wildlife Conservat Soc, Quito, Ecuador.
Wildlife Conservat Soc, Ecuador Program, Quito, Ecuador.","Univ San Francisco Quito, IDEAS, Campus Cumbaya,Diego de Robles & Via Interocean,P, Quito, Ecuador","","",""
"Morales, M","Morales, M_1",NA,NA,"Morales, M.","","Ecuador Program, Wildlife Conservat Soc, Quito, Ecuador.
Wildlife Conservat Soc, Ecuador Program, Quito, Ecuador.","","","",""
"Cueva, R","Cueva, R_1",NA,NA,"Cueva, R.","","Ecuador Program, Wildlife Conservat Soc, Quito, Ecuador.
Wildlife Conservat Soc, Ecuador Program, Quito, Ecuador.","","","",""
"Bucheli, VU","Bucheli, VU_1",NA,NA,"Utreras Bucheli, V.","","","","","",""
"Zapata-Rios, G","Zapata-Rios, G_1","Zapata-Rios, G_2","0.951372549019608","Zapata-Rios, G.","","Ecuador Program, Wildlife Conservat Soc, Quito, Ecuador.
Wildlife Conservat Soc, Ecuador Program, Quito, Ecuador.","","","",""
"Toral, E","Toral, E_1","Toral, E_2","0.977777777777778","Toral, E.","","Ecuador Program, Wildlife Conservat Soc, Quito, Ecuador.
Wildlife Conservat Soc, Ecuador Program, Quito, Ecuador.","","","",""
"Torres, J","Torres, J_1",NA,NA,"Torres, J.","","Ecuador Program, Wildlife Conservat Soc, Quito, Ecuador.
Wildlife Conservat Soc, Ecuador Program, Quito, Ecuador.","","","",""
"Prado, W","Prado, W_1",NA,NA,"Prado, W.","","Ecuador Program, Wildlife Conservat Soc, Quito, Ecuador.
Wildlife Conservat Soc, Ecuador Program, Quito, Ecuador.","","","",""
"Olalla, JV","Olalla, JV_1",NA,NA,"Vargas Olalla, J.","","","","","",""
"Zapata-Rios, G","Zapata-Rios, G_2","Zapata-Rios, G_2","1","Zapata-Rios, Galo","gzapata@wcs.org","Wildlife Conservat Soc Ecuador Program, Quito, Ecuador.","Wildlife Conservat Soc Ecuador Program, Eloy Alfaro N37-224 & Coremo,Apartado Postal 17-2, Quito, Ecuador","","",""
"Urgiles, C","Urgiles, C_1",NA,NA,"Urgiles, Carlos","","","","","",""
"Suarez, E","Suarez, E_2","Suarez, ER_3","0.9","Suarez, Esteban","","","","","",""
"Haro-Carrion, X","Haro-Carrion, X_1",NA,NA,"Haro-Carrion, Xavier","","Pontificia Univ Catolica Ecuador, Herbario QCA, Escuela Ciencias Biol, Quito, Ecuador.","Univ Florida, Dept Biol, Bartram Hall 511,POB 118525, Gainesville, FL 32611 USA","","",""
"Lozada, T","Lozada, T_1","Lozada, T_2","1","Lozada, Tannya","","","","","",""
"Navarrete, H","Navarrete, H_2","Navarrete, H_2","1","Navarrete, Hugo","","","","","",""
"de Koning, GHJ","de Koning, GHJ_1","de Koning, GHJ_2","1","de Koning, G. H. J.","","","","","",""
"Andrus, N","Andrus, N_1",NA,NA,"Andrus, Nicole","","Florida Int Univ, Dept Biol Sci, Miami, FL 33199 USA.","","","",""
"Tye, A","Tye, A_2","Tye, A_5","0.933333333333333","Tye, Alan","","","","","",""
"Nesom, G","Nesom, G_1",NA,NA,"Nesom, Guy","","","","","",""
"Bogler, D","Bogler, D_1",NA,NA,"Bogler, David","","","","","",""
"Lewis, C","Lewis, C_1",NA,NA,"Lewis, Carl","","","","","",""
"Noyes, R","Noyes, R_1",NA,NA,"Noyes, Richard","","","","","",""
"Jaramillo, P","Jaramillo, P_2","Jaramillo, P_2","1","Jaramillo, Patricia","","","","","",""
"Francisco-Ortega, J","Francisco-Ortega, J_1",NA,NA,"Francisco-Ortega, Javier","","","Florida Int Univ, Dept Biol Sci, Miami, FL 33199 USA","","",""
"Dallimer, M","Dallimer, M_1",NA,NA,"Dallimer, M.","","Univ Sheffield, Dept Anim & Plant Sci, Biodivers & Macroecol Grp BIOME, Sheffield S10 2TN, S Yorkshire, England.","Univ Sheffield, Dept Anim & Plant Sci, Biodivers & Macroecol Grp BIOME, Sheffield S10 2TN, S Yorkshire, England","","",""
"King, T","King, T_1",NA,NA,"King, T.","","Aspinall Fdn, Hythe, Kent, England.","","","",""
"Atkinson, RJ","Atkinson, RJ_1",NA,NA,"Atkinson, R. J.","","","","","",""
"Queenborough, SA","Queenborough, SA_1","Queenborough, SA_3","1","Queenborough, Simon A.","s.a.queenborough@sheffield.ac.uk","Univ Sheffield, Dept Anim & Plant Sci, Western Bank, Sheffield S10 2TN, S Yorkshire, England.","Univ Sheffield, Dept Anim & Plant Sci, Western Bank, Sheffield S10 2TN, S Yorkshire, England","","",""
"Mazer, SJ","Mazer, SJ_1",NA,NA,"Mazer, Susan J.","","","","","",""
"Vamosi, SM","Vamosi, SM_1",NA,NA,"Vamosi, Steven M.","","","","","",""
"Garwood, NC","Garwood, NC_1","Garwood, NC_3","1","Garwood, Nancy C.","","","","","",""
"Valencia, R","Valencia, R_4","Valencia, R_12","0.9375","Valencia, Renato","","","","","",""
"Freckleton, RP","Freckleton, RP_1",NA,NA,"Freckleton, Rob P.","","","","","",""
"Wilcke, W","Wilcke, W_2","Wilcke, W_3","0.9125","Wilcke, Wolfgang","","Johannes Gutenberg Univ Mainz, Inst Geog, D-55099 Mainz, Germany.","Johannes Gutenberg Univ Mainz, Inst Geog, D-55099 Mainz, Germany","","",""
"Guenter, S","Guenter, S_1","Guenter, S_2","1","Guenter, Sven","","","","","",""
"Alt, F","Alt, F_1",NA,NA,"Alt, Fabian","","","","","",""
"Geissler, C","Geissler, C_1",NA,NA,"Geissler, Christiane","","","","","",""
"Boy, J","Boy, J_1",NA,NA,"Boy, Jens","","","","","",""
"Knuth, J","Knuth, J_1",NA,NA,"Knuth, Jana","","","","","",""
"Oelmann, Y","Oelmann, Y_1",NA,NA,"Oelmann, Yvonne","","","","","",""
"Weber, M","Weber, M_2","Weber, M_3","1","Weber, Michael","","","","","",""
"Valarezo, C","Valarezo, C_2","Valarezo, C_3","0.9375","Valarezo, Carlos","","","","","",""
"Mosandl, R","Mosandl, R_2","Mosandl, R_2","1","Mosandl, Reinhard","","","","","",""
"Wilson, RP","Wilson, RP_1",NA,NA,"Wilson, Rory P.","","Univ Wales Swansea, Sch Environm & Soc, Swansea SA2 8PP, W Glam, Wales.","Univ Wales Swansea, Sch Environm & Soc, Singleton Pk, Swansea SA2 8PP, W Glam, Wales","","",""
"Vargas, FH","Vargas, FH_2","Vargas, FH_5","0.917647058823529","Vargas, F. Hernan","","","","","",""
"Steinfurth, A","Steinfurth, A_1","Steinfurth, A_2","1","Steinfurth, Antje","","","","","",""
"Riordan, P","Riordan, P_1",NA,NA,"Riordan, Philip","","","","","",""
"Ropert-Coudert, Y","Ropert-Coudert, Y_1",NA,NA,"Ropert-Coudert, Yan","","","","","",""
"Macdonald, DW","Macdonald, DW_1","Macdonald, DW_4","0.936842105263158","Macdonald, David W.","","","","","",""
"Deem, SL","Deem, SL_1",NA,NA,"Deem, Sharon L.","","St Louis Zoo, WildCare Inst, St Louis, MO 63110 USA.","St Louis Zoo, WildCare Inst, 1 Govt Dr, St Louis, MO 63110 USA","","",""
"Parker, PG","Parker, PG_2","Parker, PG_3","0.905263157894737","Parker, Patricia G.","","","","","",""
"Miller, RE","Miller, RE_1","Miller, RE_2","0.933333333333333","Miller, R. Eric","","","","","",""
"Vargas, FH","Vargas, FH_3","Vargas, FH_5","0.953846153846154","Vargas, F. H.","","Peregrine Fund Fondo Peregrino Panama, Panama City, Panama.","Peregrine Fund Fondo Peregrino Panama, Apartado 0844-00230, Panama City, Panama","","",""
"Barlow, S","Barlow, S_1",NA,NA,"Barlow, S.","","Univ Oxford, Dept Zool, Behav Ecol Res Grp, Oxford OX1 3PS, England.","","","",""
"Hart, T","Hart, T_2","Hart, T_2","1","Hart, T.","","Inst Zool, London, England.
Imperial Coll Silwood Pk, Ascot, Berks, England.
British Antarctic Survey, Cambridge CB3 0ET, England.","","","",""
"Jimenez-Uzcategui, G","Jimenez-Uzcategui, G_1",NA,NA,"Jimenez-Uzcategui, G.","","CDRS, Isla Santa Cruz, Galapagos, Ecuador.","","","",""
"Chavez, J","Chavez, J_1","Chavez, J_2","0.93","Chavez, J.","","Parque Nacl Galapagos, Isla Santa Cruz, Galapagos, Ecuador.","","","",""
"Naranjo, S","Naranjo, S_1",NA,NA,"Naranjo, S.","","Parque Nacl Galapagos, Isla Santa Cruz, Galapagos, Ecuador.","","","",""
"Macdonald, DW","Macdonald, DW_2","Macdonald, DW_4","0.9625","Macdonald, D. W.","","","","","",""
"Guerra, MA","Guerra, MA_1",NA,NA,"Guerra, Monica A.","","Pontificia Univ Catolica Ecuador, Ctr Biodiversidad & Ambiente, Museo Zool, Quito, Ecuador.","Univ Texas Austin, Sect Integrat Biol, Patterson Labs, 1 Univ Stn C0930, Austin, TX 78712 USA","","",""
"Ron, SR","Ron, SR_1","Ron, SR_3","0.846428571428571","Ron, Santiago R.","","","","","",""
"Dangles, O","Dangles, O_3","Dangles, O_4","1","Dangles, O.","dangles@legs.cnrs-gif.fr","Pontificia Univ Catolica Ecuador, Fac Ciencias Exactas & Nat, Entomol Lab, Quito, Ecuador.
CNRS, UPR 9034, Lab Evolut Genomes & Speciat, IRD,UR 072, F-91198 Gif Sur Yvette, France.
Univ Paris 11, F-91405 Orsay, France.","Pontificia Univ Catolica Ecuador, Fac Ciencias Exactas & Nat, Entomol Lab, Quito, Ecuador","","",""
"Carpio, C","Carpio, C_1",NA,NA,"Carpio, C.","","Pontificia Univ Catolica Ecuador, Fac Ciencias Exactas & Nat, Entomol Lab, Quito, Ecuador.","","","",""
"Barragan, AR","Barragan, AR_1",NA,NA,"Barragan, A. R.","","","","","",""
"Zeddam, JL","Zeddam, JL_1","Zeddam, JL_2","1","Zeddam, J. -L.","","","","","",""
"Silvain, JF","Silvain, JF_2","Silvain, JF_3","1","Silvain, J. -F.","","","","","",""
"Hardy, OJ","Hardy, OJ_1",NA,NA,"Hardy, Olivier J.","","Univ Libre Bruxelles, Fac Sci, Behav & Evolutionary Ecol Unit, Brussels, Belgium.","Univ Libre Bruxelles, Fac Sci, Behav & Evolutionary Ecol Unit, CP 160-12, Brussels, Belgium","","",""
"Jost, L","Jost, L_2","Jost, L_2","1","Jost, Lou","","","","","",""
"Pitman, NCA","Pitman, NCA_1","Pitman, NCA_8","0.91578947368421","Pitman, Nigel C. A.","","Duke Univ, Nicholas Sch Environm & Earth Sci, Ctr Trop Conservat, Durham, NC 27708 USA.","Asociac Conservac Cuenca Amazon, Jiron Cusco 499, Puerto Maldonado, Madre Dios, Peru","","",""
"Mogollon, H","Mogollon, H_1","Mogollon, H_2","0.957142857142857","Mogollon, Hugo","","","","","",""
"Davila, N","Davila, N_2","Davila, N_2","1","Davila, Nallarett","","","","","",""
"Rios, M","Rios, M_1",NA,NA,"Rios, Marcos","","","","","",""
"Garcia-Villacorta, R","Garcia-Villacorta, R_1",NA,NA,"Garcia-Villacorta, Roosevelt","","","","","",""
"Guevara, J","Guevara, J_1",NA,NA,"Guevara, Juan","","","","","",""
"Baker, TR","Baker, TR_2","Baker, TR_5","0.905882352941176","Baker, Timothy R.","","","","","",""
"Monteagudo, A","Monteagudo, A_2","Monteagudo, A_6","0.9625","Monteagudo, Abel","","","","","",""
"Phillips, OL","Phillips, OL_2","Phillips, OL_6","0.926315789473684","Phillips, Oliver L.","","","","","",""
"Vasquez-Martinez, R","Vasquez-Martinez, R_1",NA,NA,"Vasquez-Martinez, Rodolfo","","","","","",""
"Ahuite, M","Ahuite, M_1",NA,NA,"Ahuite, Manuel","","","","","",""
"Aulestia, M","Aulestia, M_1","Aulestia, M_3","0.9375","Aulestia, Milton","","","","","",""
"Cardenas, D","Cardenas, D_1",NA,NA,"Cardenas, Dairon","","","","","",""
"Ceron, CE","Ceron, CE_1","Ceron, CE_4","0.9125","Ceron, Carlos E.","","","","","",""
"Loizeau, PA","Loizeau, PA_1",NA,NA,"Loizeau, Pierre-Andre","","","","","",""
"Neill, DA","Neill, DA_1","Neill, DA_6","0.92","Neill, David A.","","","","","",""
"Percy, NV","Percy, NV_1",NA,NA,"Percy, Nunez, V","","","","","",""
"Palacios, WA","Palacios, WA_1","Palacios, WA_3","0.926315789473684","Palacios, Walter A.","","","","","",""
"Spichiger, R","Spichiger, R_1",NA,NA,"Spichiger, Rodolphe","","","","","",""
"Valderrama, E","Valderrama, E_1",NA,NA,"Valderrama, Elvis","","","","","",""
"Morlon, H","Morlon, H_1",NA,NA,"Morlon, Helene","","Univ Calif, Sch Nat Sci, Merced, CA USA.","Univ Oregon, Ctr Ecol & Evolutionary Biol, Eugene, OR 97403 USA","","",""
"Chuyong, G","Chuyong, G_2","Chuyong, GB_1","0.966666666666667","Chuyong, George","","","","","",""
"Condit, R","Condit, R_2","Condit, R_4","0.92","Condit, Richard","","","","","",""
"Hubbell, S","Hubbell, S_1","Hubbell, SP_1","0.968421052631579","Hubbell, Stephen","","","","","",""
"Kenfack, D","Kenfack, D_2","Kenfack, D_3","1","Kenfack, David","","","","","",""
"Thomas, D","Thomas, D_2","Thomas, DW_1","0.964705882352941","Thomas, Duncan","","","","","",""
"Valencia, R","Valencia, R_5","Valencia, R_12","0.9375","Valencia, Renato","","","","","",""
"Green, JL","Green, JL_1",NA,NA,"Green, Jessica L.","","","","","",""
"Guenter, S","Guenter, S_2","Guenter, S_2","1","Guenter, Sven","","Tech Univ Munich, Ctr Life & Food Sci Weihenstephan, Inst Silviculture, D-8000 Munich, Germany.","Lehrstuhl Waldbau, Hochanger 13, D-85354 Freising Weihenstephan, Germany","","",""
"Stimm, B","Stimm, B_2","Stimm, B_2","1","Stimm, Bernd","","","","","",""
"Cabrera, M","Cabrera, M_1",NA,NA,"Cabrera, Manuel","","","","","",""
"Diaz, ML","Diaz, ML_1",NA,NA,"Diaz, Maria Luisa","","","","","",""
"Lojan, M","Lojan, M_1",NA,NA,"Lojan, Manuel","","","","","",""
"Ordonez, E","Ordonez, E_1",NA,NA,"Ordonez, Eduardo","","","","","",""
"Richter, M","Richter, M_1",NA,NA,"Richter, Michael","","","","","",""
"Weber, M","Weber, M_3","Weber, M_3","1","Weber, Michael","","","","","",""
"Tello, JS","Tello, JS_2","Tello, JS_2","1","Tello, J. Sebastian","","Louisiana State Univ, Dept Biol Sci, Baton Rouge, LA 70803 USA.","Louisiana State Univ, Dept Biol Sci, 107 Life Sci Bldg, Baton Rouge, LA 70803 USA","","",""
"Stevens, RD","Stevens, RD_2","Stevens, RD_2","1","Stevens, Richard D.","","","","","",""
"Dick, CW","Dick, CW_1",NA,NA,"Dick, Carl W.","","","","","",""
"Cierjacks, A","Cierjacks, A_1","Cierjacks, A_2","1","Cierjacks, Arne","","Univ Halle Wittenberg, Inst Biol, Geobot & Bot Garden, D-06108 Halle, Germany.","Univ Halle Wittenberg, Inst Biol, Geobot & Bot Garden, Kirchtor 1, D-06108 Halle, Germany","","",""
"Salgado, S","Salgado, S_1",NA,NA,"Salgado, Silvia","","","","","",""
"Wesche, K","Wesche, K_1","Wesche, K_2","1","Wesche, Karsten","","","","","",""
"Hensen, I","Hensen, I_1","Hensen, I_2","1","Hensen, Isabell","","","","","",""
"Gibbs, JP","Gibbs, JP_2","Gibbs, JP_4","0.92","Gibbs, James P.","","SUNY Syracuse, Coll Environm Sci & Forestry, Syracuse, NY 13210 USA.","SUNY Syracuse, Coll Environm Sci & Forestry, Syracuse, NY 13210 USA","","",""
"Marquez, C","Marquez, C_1","Marquez, C_4","0.953846153846154","Marquez, Cruz","","","","","",""
"Sterling, EJ","Sterling, EJ_2","Sterling, EJ_2","1","Sterling, Eleanor J.","","","","","",""
"Puillandre, N","Puillandre, N_1",NA,NA,"Puillandre, N.","puillandre@mnhn.fr","Museum Natl Hist Nat, Dept Syst & Evolut, Serv Syst Mol,UMR Systemat Adaptat Evolut 7138, CNRS,IFR 01,UPMC,IRD,MNHN, F-75231 Paris, France.
CNRS, Lab EGS, IRD, UR 072,Biodiversite & Evolut Complexes Plantes In, Gif Sur Yvette, France.","Museum Natl Hist Nat, Dept Syst & Evolut, Serv Syst Mol,UMR Systemat Adaptat Evolut 7138, CNRS,IFR 01,UPMC,IRD,MNHN, 57 Rue Cuvier, F-75231 Paris, France","","",""
"Dupas, S","Dupas, S_1",NA,NA,"Dupas, S.","","CNRS, Lab EGS, IRD, UR 072,Biodiversite & Evolut Complexes Plantes In, Gif Sur Yvette, France.","","","",""
"Dangles, O","Dangles, O_4","Dangles, O_4","1","Dangles, O.","","CNRS, Lab EGS, IRD, UR 072,Biodiversite & Evolut Complexes Plantes In, Gif Sur Yvette, France.
Pontificia Univ Catolica Ecuador, Lab Bioquim & Microbiol Mol, IRD, Quito, Ecuador.","","","",""
"Zeddam, JL","Zeddam, JL_2","Zeddam, JL_2","1","Zeddam, J. -L.","","","","","",""
"Capdevielle-Dulac, C","Capdevielle-Dulac, C_1",NA,NA,"Capdevielle-Dulac, C.","","CNRS, Lab EGS, IRD, UR 072,Biodiversite & Evolut Complexes Plantes In, Gif Sur Yvette, France.","","","",""
"Barbin, K","Barbin, K_1",NA,NA,"Barbin, K.","","CNRS, Lab EGS, IRD, UR 072,Biodiversite & Evolut Complexes Plantes In, Gif Sur Yvette, France.","","","",""
"Torres-Leguizamon, M","Torres-Leguizamon, M_1",NA,NA,"Torres-Leguizamon, M.","","CNRS, Lab EGS, IRD, UR 072,Biodiversite & Evolut Complexes Plantes In, Gif Sur Yvette, France.","","","",""
"Silvain, JF","Silvain, JF_3","Silvain, JF_3","1","Silvain, J. -F.","","","","","",""
"Kottke, I","Kottke, I_1","Kottke, I_2","0.928571428571429","Kottke, Ingrid","","Univ Tubingen, Spezielle Bot Mykol & Bot Garden, D-72076 Tubingen, Germany.","Univ Tubingen, Spezielle Bot Mykol & Bot Garden, Morgenstelle 1, D-72076 Tubingen, Germany","","",""
"Haug, I","Haug, I_1",NA,NA,"Haug, Ingeborg","","","","","",""
"Setaro, S","Setaro, S_1",NA,NA,"Setaro, Sabrina","","","","","",""
"Suarez, JP","Suarez, JP_1",NA,NA,"Pablo Suarez, Juan","","","","","",""
"Weiss, M","Weiss, M_1",NA,NA,"Weiss, Michael","","","","","",""
"Preussing, M","Preussing, M_1",NA,NA,"Preussing, Markus","","","","","",""
"Nebel, M","Nebel, M_1",NA,NA,"Nebel, Martin","","","","","",""
"Oberwinkler, F","Oberwinkler, F_1","Oberwinkler, F_2","0.955555555555555","Oberwinkler, Franz","","","","","",""
"Villegas-Amtmann, S","Villegas-Amtmann, S_1",NA,NA,"Villegas-Amtmann, Stella","","Univ Calif Santa Cruz, Dept Ecol & Evolutionary Biol, Long Marine Lab, Santa Cruz, CA 95060 USA.","Univ Calif Santa Cruz, Dept Ecol & Evolutionary Biol, Long Marine Lab, 100 Shaffer Rd, Santa Cruz, CA 95060 USA","","",""
"Costa, DP","Costa, DP_1",NA,NA,"Costa, Daniel P.","","","","","",""
"Tremblay, Y","Tremblay, Y_1",NA,NA,"Tremblay, Yann","","","","","",""
"Salazar, S","Salazar, S_1","Salazar, S_3","0.933333333333333","Salazar, Sandie","","","","","",""
"Aurioles-Gamboa, D","Aurioles-Gamboa, D_1",NA,NA,"Aurioles-Gamboa, David","","","","","",""
"Jacobsen, D","Jacobsen, D_1",NA,NA,"Jacobsen, Dean","Djacobsen@bi.ku.dk","Univ Copenhagen, Freshwater Biol Lab, Inst Biol, DK-3400 Hillerod, Denmark.","Univ Copenhagen, Freshwater Biol Lab, Inst Biol, Helsingorsgade 51, DK-3400 Hillerod, Denmark","","",""
"Lozada, T","Lozada, T_2","Lozada, T_2","1","Lozada, Tannya","tllozada@gmail.com","Univ Gottingen, Inst Agroecol, D-37073 Gottingen, Germany.","Box 17116326,La Rabida N26-52, Quito, Ecuador","","",""
"de Koning, GHJ","de Koning, GHJ_2","de Koning, GHJ_2","1","de Koning, G. H. J.","","","","","",""
"Kessler, M","Kessler, M_1",NA,NA,"Kessler, Michael","","","","","",""
"Klein, AM","Klein, AM_1",NA,NA,"Klein, Alexandra-Maria","","","","","",""
"Tscharntke, T","Tscharntke, T_1",NA,NA,"Tscharntke, Teja","","","","","",""
"Jager, H","Jager, H_3","Jager, H_3","1","Jaeger, Heinke","","Tech Univ Berlin, Inst Ecol, Dept Ecosyst Sci & Plant Ecol, D-12165 Berlin, Germany.","Tech Univ Berlin, Inst Ecol, Dept Ecosyst Sci & Plant Ecol, Rothenburgstr 12, D-12165 Berlin, Germany","","",""
"Tye, A","Tye, A_3","Tye, A_5","0.933333333333333","Tye, Alan","","","","","",""
"Kowarik, I","Kowarik, I_3","Kowarik, I_3","1","Kowarik, Ingo","Kowarik@tu-berlin.de","","","","",""
"Buytaert, W","Buytaert, W_1",NA,NA,"Buytaert, Wouter","w.buytaert@lancaster.ac.uk","Katholieke Univ Leuven, Lab Soil & Water Management, Louvain, Belgium.","Univ Lancaster, Lancaster LA1 4YQ, England","","",""
"Iniguez, V","Iniguez, V_1",NA,NA,"Iniguez, Vicente","","","","","",""
"De Bievre, B","De Bievre, B_1",NA,NA,"De Bievre, Bert","","","","","",""
"Queenborough, SA","Queenborough, SA_2","Queenborough, SA_3","1","Queenborough, Simon A.","s.a.queenborough@sheffield.ac.uk","Univ Sheffield, Dept Anim & Plant Sci, Sheffield S10 2TN, S Yorkshire, England.","Univ Sheffield, Dept Anim & Plant Sci, Sheffield S10 2TN, S Yorkshire, England","","",""
"Burslem, DFRP","Burslem, DFRP_1","Burslem, DFRP_2","1","Burslem, David F. R. P.","","","","","",""
"Garwood, NC","Garwood, NC_2","Garwood, NC_3","1","Garwood, Nancy C.","","","","","",""
"Valencia, R","Valencia, R_6","Valencia, R_12","0.9375","Valencia, Renato","","","","","",""
"Queenborough, SA","Queenborough, SA_3","Queenborough, SA_3","1","Queenborough, Simon A.","s.a.queenborough@sheffield.ac.uk","Univ Aberdeen, Sch Biol Sci, Aberdeen AB24 3UU, Scotland.","Univ Sheffield, Dept Anim & Plant Sci, Sheffield S10 2TN, S Yorkshire, England","","",""
"Burslem, DFRP","Burslem, DFRP_2","Burslem, DFRP_2","1","Burslem, David F. R. P.","","","","","",""
"Garwood, NC","Garwood, NC_3","Garwood, NC_3","1","Garwood, Nancy C.","","","","","",""
"Valencia, R","Valencia, R_7","Valencia, R_12","0.9375","Valencia, Renato","","","","","",""
"Donlan, CJ","Donlan, CJ_1","Donlan, CJ_7","0.933333333333333","Donlan, C. Josh","","Cornell Univ, Dept Ecol & Evolut Biol, Ithaca, NY 14853 USA.","Cornell Univ, Dept Ecol & Evolut Biol, Corson Hall, Ithaca, NY 14853 USA","","",""
"Campbell, K","Campbell, K_1","Campbell, K_7","0.957142857142857","Campbell, Karl","","","","","",""
"Cabrera, W","Cabrera, W_1",NA,NA,"Cabrera, Wilson","","","","","",""
"Lavoie, C","Lavoie, C_1","Lavoie, C_3","1","Lavoie, Christian","","","","","",""
"Carrion, V","Carrion, V_1","Carrion, V_4","0.933333333333333","Carrion, Victor","","","","","",""
"Cruz, F","Cruz, F_1","Cruz, F_6","0.916666666666667","Cruz, Felipe","","","","","",""
"Russello, MA","Russello, MA_1",NA,NA,"Russello, M. A.","","Univ British Columbia Okanagan, Unit Biol & Phys Geog, Kelowna, BC V1V 1V7, Canada.","Univ British Columbia Okanagan, Unit Biol & Phys Geog, 3333 Univ Way, Kelowna, BC V1V 1V7, Canada","","",""
"Hyseni, C","Hyseni, C_1",NA,NA,"Hyseni, C.","","","","","",""
"Gibbs, JP","Gibbs, JP_3","Gibbs, JP_4","0.95","Gibbs, J. P.","","","","","",""
"Cruz, S","Cruz, S_1",NA,NA,"Cruz, S.","","","","","",""
"Marquez, C","Marquez, C_2","Marquez, C_4","0.981818181818182","Marquez, C.","","","","","",""
"Tapia, W","Tapia, W_1",NA,NA,"Tapia, W.","","","","","",""
"Velensky, P","Velensky, P_1",NA,NA,"Velensky, P.","","","","","",""
"Powell, JR","Powell, JR_1","Powell, JR_2","0.953846153846154","Powell, J. R.","","","","","",""
"Caccone, A","Caccone, A_1","Caccone, A_2","0.981818181818182","Caccone, A.","","","","","",""
"Encalada, AC","Encalada, AC_1","Encalada, AC_2","0.926315789473684","Encalada, Andrea C.","","Univ San Francisco Quito, Dept Ciencias Biol & Ambientales, Quito, Ecuador.","Univ San Francisco Quito, Dept Ciencias Biol & Ambientales, Quito, Ecuador","","",""
"Peckarsky, BL","Peckarsky, BL_1","Peckarsky, BL_2","0.923809523809524","Peckarsky, Barbara L.","","","","","",""
"Marquez, C","Marquez, C_3","Marquez, C_4","0.953846153846154","Marquez, Cruz","","Galapagos Natl Pk Sci, Puerto Villamil, Galapagos, Ecuador.","","","",""
"Wiedenfeld, DA","Wiedenfeld, DA_2","Wiedenfeld, DA_2","1","Wiedenfeld, David A.","","","619 McFarland Ave, Dalton, GA 30720 USA","","",""
"Landazuri, S","Landazuri, S_1",NA,NA,"Landazuri, Sandra","","","","","",""
"Chavez, J","Chavez, J_2","Chavez, J_2","1","Chavez, Juan","","","","","",""
"Castillo, JM","Castillo, JM_1",NA,NA,"Castillo, Jesus M.","","Univ Seville, Fac Biol, Dept Biol Vegetal & Ecol, E-41080 Seville, Spain.","Univ Seville, Fac Biol, Dept Biol Vegetal & Ecol, Apartado 1095, E-41080 Seville, Spain","","",""
"Leira-Doce, P","Leira-Doce, P_1",NA,NA,"Leira-Doce, Pablo","","","","","",""
"Carrion-Tacuri, J","Carrion-Tacuri, J_1",NA,NA,"Carrion-Tacuri, Jorge","","","","","",""
"Munoz-Guacho, E","Munoz-Guacho, E_1",NA,NA,"Munoz-Guacho, Edison","","","","","",""
"Arroyo-Solis, A","Arroyo-Solis, A_1",NA,NA,"Arroyo-Solis, Aida","","","","","",""
"Curado, G","Curado, G_1",NA,NA,"Curado, Guillermo","","","","","",""
"Doblas, D","Doblas, D_1",NA,NA,"Doblas, David","","","","","",""
"Rubio-Casal, AE","Rubio-Casal, AE_1",NA,NA,"Rubio-Casal, Alfredo E.","","","","","",""
"Alvarez-Lopez, AA","Alvarez-Lopez, AA_1",NA,NA,"Alvarez-Lopez, Antonio A.","","","","","",""
"Redondo-Gomez, S","Redondo-Gomez, S_1",NA,NA,"Redondo-Gomez, Susana","","","","","",""
"Berjano, R","Berjano, R_1",NA,NA,"Berjano, Regina","","","","","",""
"Guerrero, G","Guerrero, G_1",NA,NA,"Guerrero, Giovanny","","","","","",""
"De Cires, A","De Cires, A_1",NA,NA,"De Cires, Alfonso","","","","","",""
"Figueroa, E","Figueroa, E_1",NA,NA,"Figueroa, Enrique","","","","","",""
"Tye, A","Tye, A_4","Tye, A_5","0.933333333333333","Tye, Alan","","","","","",""
"Vargas, FH","Vargas, FH_4","Vargas, FH_5","0.698692810457516","Hernan Vargas, F.","","Peregrine Fund Fondo Peregrino Panama, Panama City, Panama.","Peregrine Fund Fondo Peregrino Panama, Apartado 0844-00230, Panama City, Panama","","",""
"Lacy, RC","Lacy, RC_1",NA,NA,"Lacy, Robert C.","","","","","",""
"Johnson, PJ","Johnson, PJ_1",NA,NA,"Johnson, Paul J.","","","","","",""
"Steinfurth, A","Steinfurth, A_2","Steinfurth, A_2","1","Steinfurth, Antje","","","","","",""
"Crawford, RJM","Crawford, RJM_1",NA,NA,"Crawford, Robert J. M.","","","","","",""
"Boersma, PD","Boersma, PD_1",NA,NA,"Boersma, P. Dee","","","","","",""
"Macdonald, DW","Macdonald, DW_3","Macdonald, DW_4","0.936842105263158","Macdonald, David W.","","","","","",""
"Scheldeman, X","Scheldeman, X_1",NA,NA,"Scheldeman, X.","x.scheldeman@cgiar.org","Int Plant Genet Resources Inst, Reg Off Amer, Cali, Colombia.","Int Plant Genet Resources Inst, Reg Off Amer, Apartado Aereo 6713, Cali, Colombia","","",""
"Willemen, L","Willemen, L_1",NA,NA,"Willemen, L.","","","","","",""
"d'Eeckenbrugge, GC","d'Eeckenbrugge, GC_1",NA,NA,"d'Eeckenbrugge, G. Coppens","","","","","",""
"Romeijn-Peeters, E","Romeijn-Peeters, E_1",NA,NA,"Romeijn-Peeters, E.","","","","","",""
"Restrepo, MT","Restrepo, MT_1",NA,NA,"Restrepo, M. T.","","","","","",""
"Motoche, JR","Motoche, JR_1",NA,NA,"Motoche, J. Romero","","","","","",""
"Jimenez, D","Jimenez, D_1",NA,NA,"Jimenez, D.","","","","","",""
"Lobo, M","Lobo, M_1",NA,NA,"Lobo, M.","","","","","",""
"Medina, CI","Medina, CI_1",NA,NA,"Medina, C. I.","","","","","",""
"Reyes, C","Reyes, C_1","Reyes, CI_1","0.955555555555555","Reyes, C.","","","","","",""
"Rodriguez, D","Rodriguez, D_1",NA,NA,"Rodriguez, D.","","","","","",""
"Ocampo, JA","Ocampo, JA_1",NA,NA,"Ocampo, J. A.","","","","","",""
"Van Damme, P","Van Damme, P_1",NA,NA,"Van Damme, P.","","","","","",""
"Goetgebeur, P","Goetgebeur, P_1",NA,NA,"Goetgebeur, P.","","","","","",""
"Cierjacks, A","Cierjacks, A_2","Cierjacks, A_2","1","Cierjacks, Arne","","Univ Halle Wittenberg, Inst Biol, D-06108 Halle, Germany.","Univ Halle Wittenberg, Inst Biol, Geobot & Bot Garden,Am Kirchtor 1, D-06108 Halle, Germany","","",""
"Iglesias, JE","Iglesias, JE_1",NA,NA,"Iglesias, Juan Enrique","","","","","",""
"Wesche, K","Wesche, K_2","Wesche, K_2","1","Wesche, Karsten","","","","","",""
"Hensen, I","Hensen, I_2","Hensen, I_2","1","Hensen, Isabell","","","","","",""
"Lavoie, C","Lavoie, C_2","Lavoie, C_3","1","Lavoie, Christian","","Cornell Univ, Dept Ecol & Evolutionary Biol, Ithaca, NY 14853 USA.","","","",""
"Donlan, CJ","Donlan, CJ_2","Donlan, CJ_7","0.933333333333333","Donlan, C. Josh","","","Cornell Univ, Dept Ecol & Evolutionary Biol, Corson Hall, Ithaca, NY 14853 USA","","",""
"Campbell, K","Campbell, K_2","Campbell, K_7","0.957142857142857","Campbell, Karl","","","","","",""
"Cruz, F","Cruz, F_2","Cruz, F_6","0.916666666666667","Cruz, Felipe","","","","","",""
"Carrion, GV","Carrion, GV_1",NA,NA,"Carrion, G. Victor","","","","","",""
"Carrion, V","Carrion, V_2","Carrion, V_4","0.933333333333333","Carrion, Victor","","Cornell Univ, Dept Ecol & Evolutionary Biol, Ithaca, NY 14853 USA.","","","",""
"Donlan, CJ","Donlan, CJ_3","Donlan, CJ_7","0.933333333333333","Donlan, C. Josh","","","Cornell Univ, Dept Ecol & Evolutionary Biol, Corson Hall, Ithaca, NY 14853 USA","","",""
"Campbell, K","Campbell, K_3","Campbell, K_7","0.957142857142857","Campbell, Karl","","","","","",""
"Lavoie, C","Lavoie, C_3","Lavoie, C_3","1","Lavoie, Christian","","","","","",""
"Cruz, F","Cruz, F_3","Cruz, F_6","0.916666666666667","Cruz, Felipe","","","","","",""
"Mercier, A","Mercier, A_1",NA,NA,"Mercier, Annie","amercier@mun.ca","Mem Univ Newfoundland, Ocean Sci Ctr, St John, NF A1C 5S7, Canada.","Mem Univ Newfoundland, Ocean Sci Ctr, St John, NF A1C 5S7, Canada","","",""
"Ycaza, RH","Ycaza, RH_1",NA,NA,"Ycaza, Roberto H.","","","","","",""
"Hamel, JF","Hamel, JF_1",NA,NA,"Hamel, Jean-Francois","","","","","",""
"LaFrankie, JV","LaFrankie, JV_1",NA,NA,"LaFrankie, James V.","jlafrankie@yahoo.com","Natl Inst Educ, Smithsonian Trop Res Inst, Singapore 637616, Singapore.","Natl Inst Educ, Smithsonian Trop Res Inst, 1 Nanyang Walk, Singapore 637616, Singapore","","",""
"Ashton, PS","Ashton, PS_1",NA,NA,"Ashton, Peter S.","","","","","",""
"Chuyong, GB","Chuyong, GB_1",NA,NA,"Chuyong, George B.","","","","","",""
"Co, L","Co, L_1",NA,NA,"Co, Leonardo","","","","","",""
"Condit, R","Condit, R_3","Condit, R_4","0.92","Condit, Richard","","","","","",""
"Davies, SJ","Davies, SJ_1",NA,NA,"Davies, Stuart J.","","","","","",""
"Foster, R","Foster, R_1","Foster, RB_1","0.918461538461538","Foster, Robin","","","","","",""
"Hubbell, SP","Hubbell, SP_1",NA,NA,"Hubbell, Stephen P.","","","","","",""
"Kenfack, D","Kenfack, D_3","Kenfack, D_3","1","Kenfack, David","","","","","",""
"Lagunzad, D","Lagunzad, D_1",NA,NA,"Lagunzad, Daniel","","","","","",""
"Losos, EC","Losos, EC_1",NA,NA,"Losos, Elizabeth C.","","","","","",""
"Nor, NSM","Nor, NSM_1",NA,NA,"Nor, Noor Supardi Md.","","","","","",""
"Tan, S","Tan, S_1",NA,NA,"Tan, Sylvester","","","","","",""
"Thomas, DW","Thomas, DW_1",NA,NA,"Thomas, Duncan W.","","","","","",""
"Valencia, R","Valencia, R_8","Valencia, R_12","0.9375","Valencia, Renato","","","","","",""
"Villa, G","Villa, G_1","Villa, G_2","0.933333333333333","Villa, Gorky","","","","","",""
"Dobbs, RC","Dobbs, RC_1",NA,NA,"Dobbs, Robert C.","","Illinois State Univ, Behav Ecol Evolut & Systemat Sect, Dept Biol Sci, Normal, IL 61790 USA.","","","",""
"Styrsky, JD","Styrsky, JD_1",NA,NA,"Styrsky, John D.","","Illinois State Univ, Behav Ecol Evolut & Systemat Sect, Dept Biol Sci, Normal, IL 61790 USA.","","","",""
"Thompson, CF","Thompson, CF_1",NA,NA,"Thompson, Charles F.","","Illinois State Univ, Behav Ecol Evolut & Systemat Sect, Dept Biol Sci, Normal, IL 61790 USA.","Yanayacu Biol Stn, Cosanga, Ecuador, Ecuador","","",""
"Kilpatrick, AM","Kilpatrick, AM_1",NA,NA,"Kilpatrick, A. Marm","","Consortium Conservat Med, New York, NY 10001 USA.","Consortium Conservat Med, 460 W 34th St, New York, NY 10001 USA","","",""
"Daszak, P","Daszak, P_1",NA,NA,"Daszak, Peter","","","","","",""
"Goodman, SJ","Goodman, SJ_1",NA,NA,"Goodman, Simon J.","","","","","",""
"Rogg, H","Rogg, H_1",NA,NA,"Rogg, Helmuth","","","","","",""
"Kramer, LD","Kramer, LD_1",NA,NA,"Kramer, Laura D.","","","","","",""
"Cedeno, V","Cedeno, V_1",NA,NA,"Cedeno, Virna","","","","","",""
"Cunningham, AA","Cunningham, AA_1",NA,NA,"Cunningham, Andrew A.","","","","","",""
"Malhi, Y","Malhi, Y_2","Malhi, Y_6","1","Malhi, Y","","Univ Oxford, Ctr Environm, Oxford OX1 3QY, England.","Univ Oxford, Ctr Environm, S Parks Rd, Oxford OX1 3QY, England","","",""
"Wood, D","Wood, D_1",NA,NA,"Wood, D","","","","","",""
"Baker, TR","Baker, TR_3","Baker, TR_5","1","Baker, TR","","","","","",""
"Wright, J","Wright, J_1","Wright, J_2","1","Wright, J","","","","","",""
"Phillips, OL","Phillips, OL_3","Phillips, OL_6","1","Phillips, OL","","","","","",""
"Cochrane, T","Cochrane, T_1",NA,NA,"Cochrane, T","","","","","",""
"Meir, P","Meir, P_1","Meir, P_2","1","Meir, P","","","","","",""
"Chave, J","Chave, J_3","Chave, J_4","1","Chave, J","","","","","",""
"Almeida, S","Almeida, S_2","Almeida, S_5","1","Almeida, S","","","","","",""
"Arroyo, L","Arroyo, L_2","Arroyo, L_5","1","Arroyo, L","","","","","",""
"Higuchi, N","Higuchi, N_2","Higuchi, N_4","1","Higuchi, N","","","","","",""
"Killeen, TJ","Killeen, TJ_1","Killeen, TJ_3","1","Killeen, TJ","","","","","",""
"Laurance, SG","Laurance, SG_1","Laurance, SG_3","1","Laurance, SG","","","","","",""
"Laurance, WF","Laurance, WF_1","Laurance, WF_4","1","Laurance, WF","","","","","",""
"Lewis, SL","Lewis, SL_2","Lewis, SL_4","1","Lewis, SL","","","","","",""
"Monteagudo, A","Monteagudo, A_3","Monteagudo, A_6","1","Monteagudo, A","","","","","",""
"Neill, DA","Neill, DA_2","Neill, DA_6","1","Neill, DA","","","","","",""
"Vargas, PN","Vargas, PN_2","Vargas, PN_5","1","Vargas, PN","","","","","",""
"Pitman, NCA","Pitman, NCA_2","Pitman, NCA_8","1","Pitman, NCA","","","","","",""
"Quesada, CA","Quesada, CA_1","Quesada, CA_3","1","Quesada, CA","","","","","",""
"Salomao, R","Salomao, R_2","Salomao, R_4","1","Salomao, R","","","","","",""
"Silva, JNM","Silva, JNM_1","Silva, JNM_3","1","Silva, JNM","","","","","",""
"Lezama, AT","Lezama, AT_1","Lezama, AT_2","1","Lezama, AT","","","","","",""
"Terborgh, J","Terborgh, J_2","Terborgh, JW_2","0.983333333333333","Terborgh, J","","","","","",""
"Martinez, RV","Martinez, RV_1","Martinez, RV_4","1","Martinez, RV","","","","","",""
"Vinceti, B","Vinceti, B_1","Vinceti, B_3","1","Vinceti, B","","","","","",""
"Suarez, ER","Suarez, ER_1","Suarez, ER_3","1","Suarez, ER","","Inst Ecosyst Studies, Millbrook, NY 12545 USA.","Wildlife Conservat Soc Ecuador, San Francisco 441y Mariano Echeverria,Apartado Po, Quito, Ecuador","","",""
"Fahey, TJ","Fahey, TJ_1","Fahey, TJ_3","1","Fahey, TJ","","","","","",""
"Groffman, PM","Groffman, PM_1","Groffman, PM_2","1","Groffman, PM","","","","","",""
"Yavitt, JB","Yavitt, JB_1","Yavitt, JB_2","1","Yavitt, JB","","","","","",""
"Bohlen, PJ","Bohlen, PJ_1","Bohlen, PJ_2","1","Bohlen, PJ","","","","","",""
"Encalada, AC","Encalada, AC_2","Encalada, AC_2","1","Encalada, AC","","Cornell Univ, Dept Entomol, Ithaca, NY 14850 USA.","Univ San Francisco Quito, Dept Ciencias Ambientales, Quito, Ecuador","","",""
"Peckarsky, BL","Peckarsky, BL_2","Peckarsky, BL_2","1","Peckarsky, BL","","","","","",""
"Tye, A","Tye, A_5","Tye, A_5","1","Tye, A","","Charles Darwin Res Stn, Dept Bot, Isla Santa Cruz, Galapagos, Ecuador.","CDRS, AP 17-01-3891, Quito, Ecuador","","",""
"Humphries, CA","Humphries, CA_1",NA,NA,"Humphries, CA","","Wake Forest Univ, Dept Biol, Winston Salem, NC 27109 USA.","","","",""
"Arevalo, VD","Arevalo, VD_1",NA,NA,"Arevalo, VD","","","","","",""
"Fischer, KN","Fischer, KN_1",NA,NA,"Fischer, KN","","","","","",""
"Anderson, DJ","Anderson, DJ_1",NA,NA,"Anderson, DJ","","","Wake Forest Univ, Dept Biol, Winston Salem, NC 27109 USA","","",""
"Vinueza, LR","Vinueza, LR_1",NA,NA,"Vinueza, LR","","Charles Darwin Fdn, Galapagos Isl, Ecuador.","Oregon State Univ, Dept Zool, 3029 Cordley Hall, Corvallis, OR 97331 USA","","",""
"Branch, GM","Branch, GM_1",NA,NA,"Branch, GM","","","","","",""
"Branch, ML","Branch, ML_1",NA,NA,"Branch, ML","","","","","",""
"Bustamante, RH","Bustamante, RH_2","Bustamante, RH_5","1","Bustamante, RH","","","","","",""
"Suarez, ER","Suarez, ER_2","Suarez, ER_3","1","Suarez, ER","","Cornell Univ, Dept Nat Resources, Ithaca, NY 14853 USA.","Wildlife Conservat Soc Ecuador, San Francisco 441 & Mariano Echeverria,Apartado P, Quito, Ecuador","","",""
"Tierney, GL","Tierney, GL_1",NA,NA,"Tierney, GL","","Cornell Univ, Dept Nat Resources, Ithaca, NY 14853 USA.","","","",""
"Fahey, TJ","Fahey, TJ_2","Fahey, TJ_3","1","Fahey, TJ","","Cornell Univ, Dept Nat Resources, Ithaca, NY 14853 USA.","","","",""
"Fahey, R","Fahey, R_1",NA,NA,"Fahey, R","","Cornell Univ, Dept Nat Resources, Ithaca, NY 14853 USA.","","","",""
"Suarez, ER","Suarez, ER_3","Suarez, ER_3","1","Suarez, ER","","Cornell Univ, Dept Nat Resources, Ithaca, NY 14853 USA.","Wildlife Conservat Soc Ecuador, San Francisco 441 & Mariano Echeverria,Apartado P, Quito, Ecuador","","",""
"Fahey, TJ","Fahey, TJ_3","Fahey, TJ_3","1","Fahey, TJ","","","","","",""
"Yavitt, JB","Yavitt, JB_2","Yavitt, JB_2","1","Yavitt, JB","","","","","",""
"Groffman, PM","Groffman, PM_2","Groffman, PM_2","1","Groffman, PM","","","","","",""
"Bohlen, PJ","Bohlen, PJ_2","Bohlen, PJ_2","1","Bohlen, PJ","","","","","",""
"Eckhart, VM","Eckhart, VM_1",NA,NA,"Eckhart, VM","eckhart@grinnell.edu","Grinnell Coll, Dept Biol, Grinnell, IA 50112 USA.","Grinnell Coll, Dept Biol, Grinnell, IA 50112 USA","","",""
"Rushing, NS","Rushing, NS_1",NA,NA,"Rushing, NS","","","","","",""
"Hart, GM","Hart, GM_1",NA,NA,"Hart, GM","","","","","",""
"Hansen, JD","Hansen, JD_1",NA,NA,"Hansen, JD","","","","","",""
"Vargas, FH","Vargas, FH_5","Vargas, FH_5","1","Vargas, FH","","Univ Oxford, Dept Zool, Wildlife Conservat Res Unit, Oxford OX1 3PS, England.","","","",""
"Harrison, S","Harrison, S_1",NA,NA,"Harrison, S","","","","","",""
"Rea, S","Rea, S_1",NA,NA,"Rea, S","","","","","",""
"Macdonald, DW","Macdonald, DW_4","Macdonald, DW_4","1","Macdonald, DW","","","Univ Oxford, Dept Zool, Wildlife Conservat Res Unit, S Parks Rd, Oxford OX1 3PS, England","","",""
"Gottdenker, NL","Gottdenker, NL_1",NA,NA,"Gottdenker, NL","","St Louis Zoo, St Louis, MO 63110 USA.","","","",""
"Walsh, T","Walsh, T_1",NA,NA,"Walsh, T","","","","","",""
"Vargas, H","Vargas, H_1","Vargas, H_2","1","Vargas, H","","","","","",""
"Merkel, J","Merkel, J_1",NA,NA,"Merkel, J","","","","","",""
"Jimenez, GU","Jimenez, GU_1",NA,NA,"Jimenez, GU","","","","","",""
"Miller, RE","Miller, RE_2","Miller, RE_2","1","Miller, RE","","","","","",""
"Dailey, M","Dailey, M_1",NA,NA,"Dailey, M","","","","","",""
"Parker, PG","Parker, PG_3","Parker, PG_3","1","Parker, PG","pparker@umsl.edu","","St Louis Zoo, 1 Govt Dr, St Louis, MO 63110 USA","","",""
"Campbell, K","Campbell, K_4","Campbell, K_7","1","Campbell, K","","Cornell Univ, Dept Ecol & Evolutionary Biol, Ithaca, NY 14853 USA.","","","",""
"Donlan, CJ","Donlan, CJ_4","Donlan, CJ_7","1","Donlan, CJ","","","Cornell Univ, Dept Ecol & Evolutionary Biol, Corson Hall, Ithaca, NY 14853 USA","","",""
"Becker, CD","Becker, CD_1",NA,NA,"Becker, CD","dbecker@unm.edu","Univ New Mexico, Earthwatch Inst & Aves Ecuador, Zuni, NM 87327 USA.","Univ New Mexico, Earthwatch Inst & Aves Ecuador, POB 1248, Zuni, NM 87327 USA","","",""
"Agreda, A","Agreda, A_1",NA,NA,"Agreda, A","","","","","",""
"Astudillo, E","Astudillo, E_1",NA,NA,"Astudillo, E","","","","","",""
"Costantino, M","Costantino, M_1",NA,NA,"Costantino, M","","","","","",""
"Torres, P","Torres, P_1",NA,NA,"Torres, P","","","","","",""
"Townsend, WR","Townsend, WR_1",NA,NA,"Townsend, WR","","Field Museum, Santa Cruz, Bolivia.","Field Museum, Chicago 3,Casilla 6266, Santa Cruz, Bolivia","","",""
"Borman, R","Borman, R_1",NA,NA,"Borman, R","","","","","",""
"Yiyoguaje, E","Yiyoguaje, E_1",NA,NA,"Yiyoguaje, E","","","","","",""
"Mendua, L","Mendua, L_1",NA,NA,"Mendua, L","","","","","",""
"Pitman, NCA","Pitman, NCA_3","Pitman, NCA_8","1","Pitman, NCA","","Duke Univ, Nicholas Sch Environm & Earth Sci, Ctr Trop Conservat, Durham, NC 27708 USA.","Amazon Conservat Assoc, Jiron Cusco 499, Puerto Maldonado, Madre de Dios, Peru","","",""
"Ceron, CE","Ceron, CE_2","Ceron, CE_4","1","Ceron, CE","","","","","",""
"Reyes, CI","Reyes, CI_1",NA,NA,"Reyes, CI","","","","","",""
"Thurber, M","Thurber, M_1",NA,NA,"Thurber, M","","","","","",""
"Arellano, J","Arellano, J_1",NA,NA,"Arellano, J","","","","","",""
"Ruttenberg, BI","Ruttenberg, BI_1",NA,NA,"Ruttenberg, BI","","Univ Calif Santa Barbara, Dept Ecol Evolut & Marine Biol, Santa Barbara, CA 93106 USA.","Univ Calif Santa Barbara, Dept Ecol Evolut & Marine Biol, Santa Barbara, CA 93106 USA","","",""
"Haupt, AJ","Haupt, AJ_1",NA,NA,"Haupt, AJ","","","","","",""
"Chiriboga, AI","Chiriboga, AI_1",NA,NA,"Chiriboga, AI","","","","","",""
"Warner, RR","Warner, RR_1","Warner, RR_3","1","Warner, RR","","","","","",""
"Bustarnante, MR","Bustarnante, MR_1",NA,NA,"Bustarnante, MR","","Pontificia Univ Catolica Ecuador, Museo Zool, Ctr Biodiversidad & Ambiente, Escuela Biol, Quito, Ecuador.","Pontificia Univ Catolica Ecuador, Museo Zool, Ctr Biodiversidad & Ambiente, Escuela Biol, Avenida 12 Octubre & Roca,Aptdo 17-01-2184, Quito, Ecuador","","",""
"Ron, SR","Ron, SR_2","Ron, SR_3","1","Ron, SR","","Pontificia Univ Catolica Ecuador, Museo Zool, Ctr Biodiversidad & Ambiente, Escuela Biol, Quito, Ecuador.","","","",""
"Coloma, LA","Coloma, LA_1","Coloma, LA_2","1","Coloma, LA","","Pontificia Univ Catolica Ecuador, Museo Zool, Ctr Biodiversidad & Ambiente, Escuela Biol, Quito, Ecuador.","","","",""
"Ron, SR","Ron, SR_3","Ron, SR_3","1","Ron, SR","","Univ Texas, Sec Integrat Biol, Austin, TX 78712 USA.","Pontificia Univ Catolica Ecuador, Escuela Biol, Museo Zool, Ctr Biodiversidad & Ambiente, Av 12 Octubre & Roca,Aptdo 17-01-2184, Quito, Ecuador","","",""
"Wilcke, W","Wilcke, W_3","Wilcke, W_3","1","Wilcke, W","","Tech Univ Berlin, Inst Ecol, Dept Soil Sci, D-10587 Berlin, Germany.","Tech Univ Berlin, Inst Ecol, Dept Soil Sci, Salzufer 11-12, D-10587 Berlin, Germany","","",""
"Hess, T","Hess, T_1",NA,NA,"Hess, T","","","","","",""
"Bengel, C","Bengel, C_1",NA,NA,"Bengel, C","","","","","",""
"Homeier, E","Homeier, E_1",NA,NA,"Homeier, E","","","","","",""
"Valarezo, C","Valarezo, C_3","Valarezo, C_3","1","Valarezo, C","","","","","",""
"Zech, W","Zech, W_1",NA,NA,"Zech, W","","","","","",""
"Cruz, F","Cruz, F_4","Cruz, F_6","1","Cruz, F","","Cornell Univ, Dept Ecol & Evolutionary Biol, Ithaca, NY 14853 USA.","","","",""
"Donlan, CJ","Donlan, CJ_5","Donlan, CJ_7","1","Donlan, CJ","","","Cornell Univ, Dept Ecol & Evolutionary Biol, Corson Hall, Ithaca, NY 14853 USA","","",""
"Campbell, K","Campbell, K_5","Campbell, K_7","1","Campbell, K","","","","","",""
"Carrion, V","Carrion, V_3","Carrion, V_4","1","Carrion, V","","","","","",""
"Farley, KA","Farley, KA_1",NA,NA,"Farley, KA","farley@duke.edu","Univ Colorado, Dept Geog, Boulder, CO 80309 USA.","Duke Univ, Ctr Global Change, POB 90658, Durham, NC 27708 USA","","",""
"Kelly, EF","Kelly, EF_1",NA,NA,"Kelly, EF","","","","","",""
"Hofstede, RGM","Hofstede, RGM_1","Hofstede, RGM_2","1","Hofstede, RGM","","","","","",""
"Siren, A","Siren, A_1",NA,NA,"Siren, A","","Swedish Univ Agr Sci, Dept Rural Dev Studies, SE-75007 Uppsala, Sweden.","Swedish Univ Agr Sci, Dept Rural Dev Studies, POB 7005, SE-75007 Uppsala, Sweden","","",""
"Hamback, P","Hamback, P_1",NA,NA,"Hamback, P","","","","","",""
"Machoa, E","Machoa, E_1",NA,NA,"Machoa, E","","","","","",""
"Hill, RI","Hill, RI_1",NA,NA,"Hill, RI","","Univ Texas, Sect Integrat Biol, Univ Stn C0930, Austin, TX 78712 USA.","Univ Calif Berkeley, Dept Integrat Biol, 3060 Valley Life Sci Bldg, Berkeley, CA 94720 USA","","",""
"Vaca, JF","Vaca, JF_1",NA,NA,"Vaca, JF","","","","","",""
"Leimbeck, RM","Leimbeck, RM_1",NA,NA,"Leimbeck, RM","","Univ Aarhus, Dept Systemat Bot, Inst Biol Sci, DK-8240 Risskov, Denmark.","","","",""
"Valencia, R","Valencia, R_9","Valencia, R_12","1","Valencia, R","","","","","",""
"Balslev, H","Balslev, H_1","Balslev, H_2","1","Balslev, H","","","Univ Aarhus, Dept Systemat Bot, Inst Biol Sci, Nordlandsvej 68, DK-8240 Risskov, Denmark","","",""
"Mullner, A","Mullner, A_1",NA,NA,"Mullner, A","muellner@zgf.de","Princeton Univ, Dept Ecol & Evolutionary Biol, Princeton, NJ 08544 USA.","Frankfurt Zool Soc, Alfred Brehm Pl 16, D-60316 Frankfurt, Germany","","",""
"Linsenmair, KE","Linsenmair, KE_1",NA,NA,"Linsenmair, KE","","","","","",""
"Wikelski, M","Wikelski, M_1",NA,NA,"Wikelski, M","","","","","",""
"Campbell, K","Campbell, K_6","Campbell, K_7","1","Campbell, K","","Cornell Univ, Dept Ecol & Evolutionary Biol, Ithaca, NY 14853 USA.","","","",""
"Donlan, CJ","Donlan, CJ_6","Donlan, CJ_7","1","Donlan, CJ","","","Cornell Univ, Dept Ecol & Evolutionary Biol, Corson Hall, Ithaca, NY 14853 USA","","",""
"Cruz, F","Cruz, F_5","Cruz, F_6","1","Cruz, F","","","","","",""
"Carrion, V","Carrion, V_4","Carrion, V_4","1","Carrion, V","","","","","",""
"Edgar, GJ","Edgar, GJ_2","Edgar, GJ_3","1","Edgar, GJ","","Charles Darwin Res Stn, Santa Cruz, Galapagos, Ecuador.","Univ Tasmania, Tasmanian Aquaculture & Fisheries Inst, Sch Zool, GPO Box 252-05, Hobart, Tas 7001, Australia","","",""
"Banks, S","Banks, S_1","Banks, S_2","1","Banks, S","","Charles Darwin Res Stn, Santa Cruz, Galapagos, Ecuador.","","","",""
"Farina, JM","Farina, JM_1","Farina, JM_3","1","Farina, JM","","Charles Darwin Res Stn, Santa Cruz, Galapagos, Ecuador.","","","",""
"Calvopina, M","Calvopina, M_1","Calvopina, M_2","1","Calvopina, M","","Charles Darwin Res Stn, Santa Cruz, Galapagos, Ecuador.","","","",""
"Martinez, C","Martinez, C_1",NA,NA,"Martinez, C","","Charles Darwin Res Stn, Santa Cruz, Galapagos, Ecuador.","","","",""
"Parra, JL","Parra, JL_1",NA,NA,"Parra, JL","","Univ Calif Berkeley, Museum Vertebrate Zool, Berkeley, CA 94720 USA.","Univ Calif Berkeley, Museum Vertebrate Zool, 3101 VLSB, Berkeley, CA 94720 USA","","",""
"Graham, CC","Graham, CC_1",NA,NA,"Graham, CC","","","","","",""
"Freile, JF","Freile, JF_1",NA,NA,"Freile, JF","","","","","",""
"Vargas, JH","Vargas, JH_1",NA,NA,"Vargas, JH","","Missouri Bot Garden, St Louis, MO 63166 USA.","","","",""
"Consiglio, T","Consiglio, T_1",NA,NA,"Consiglio, T","","","Missouri Bot Garden, POB 299, St Louis, MO 63166 USA","","",""
"Jorgensen, PM","Jorgensen, PM_1","Jorgensen, PM_2","1","Jorgensen, PM","","","","","",""
"Croat, TB","Croat, TB_1",NA,NA,"Croat, TB","","","","","",""
"Baker, TR","Baker, TR_4","Baker, TR_5","1","Baker, TR","","Univ Leeds, Sch Geog, Earth & Biosphere Inst, Leeds LS2 9JT, W Yorkshire, England.","Univ Leeds, Sch Geog, Earth & Biosphere Inst, Leeds LS2 9JT, W Yorkshire, England","","",""
"Phillips, OL","Phillips, OL_4","Phillips, OL_6","1","Phillips, OL","","","","","",""
"Malhi, Y","Malhi, Y_3","Malhi, Y_6","1","Malhi, Y","","","","","",""
"Almeida, S","Almeida, S_3","Almeida, S_5","1","Almeida, S","","","","","",""
"Arroyo, L","Arroyo, L_3","Arroyo, L_5","1","Arroyo, L","","","","","",""
"Di Fiore, A","Di Fiore, A_2","Di Fiore, A_3","1","Di Fiore, A","","","","","",""
"Erwin, T","Erwin, T_2","Erwin, T_2","1","Erwin, T","","","","","",""
"Killeen, TJ","Killeen, TJ_2","Killeen, TJ_3","1","Killeen, TJ","","","","","",""
"Laurance, SG","Laurance, SG_2","Laurance, SG_3","1","Laurance, SG","","","","","",""
"Laurance, WF","Laurance, WF_2","Laurance, WF_4","1","Laurance, WF","","","","","",""
"Lewis, SL","Lewis, SL_3","Lewis, SL_4","1","Lewis, SL","","","","","",""
"Lloyd, J","Lloyd, J_1","Lloyd, J_3","1","Lloyd, J","","","","","",""
"Monteagudo, A","Monteagudo, A_4","Monteagudo, A_6","1","Monteagudo, A","","","","","",""
"Neill, DA","Neill, DA_3","Neill, DA_6","1","Neill, DA","","","","","",""
"Patino, S","Patino, S_1","Patino, S_3","1","Patino, S","","","","","",""
"Pitman, NCA","Pitman, NCA_4","Pitman, NCA_8","1","Pitman, NCA","","","","","",""
"Silva, JNM","Silva, JNM_2","Silva, JNM_3","1","Silva, JNM","","","","","",""
"Martinez, RV","Martinez, RV_2","Martinez, RV_4","1","Martinez, RV","","","","","",""
"Malhi, Y","Malhi, Y_4","Malhi, Y_6","1","Malhi, Y","","Univ Edinburgh, Sch Geosci, Edinburgh, Midlothian, Scotland.","Univ Edinburgh, Sch Geosci, Darwin Bldg,Mayfield Rd, Edinburgh, Midlothian, Scotland","","",""
"Baker, TR","Baker, TR_5","Baker, TR_5","1","Baker, TR","","","","","",""
"Phillips, OL","Phillips, OL_5","Phillips, OL_6","1","Phillips, OL","","","","","",""
"Almeida, S","Almeida, S_4","Almeida, S_5","1","Almeida, S","","","","","",""
"Alvarez, E","Alvarez, E_2","Alvarez, E_2","1","Alvarez, E","","","","","",""
"Arroyo, L","Arroyo, L_4","Arroyo, L_5","1","Arroyo, L","","","","","",""
"Chave, J","Chave, J_4","Chave, J_4","1","Chave, J","","","","","",""
"Czimczik, CI","Czimczik, CI_1",NA,NA,"Czimczik, CI","","","","","",""
"Di Fiore, A","Di Fiore, A_3","Di Fiore, A_3","1","Di Fiore, A","","","","","",""
"Higuchi, N","Higuchi, N_3","Higuchi, N_4","1","Higuchi, N","","","","","",""
"Killeen, TJ","Killeen, TJ_3","Killeen, TJ_3","1","Killeen, TJ","","","","","",""
"Laurance, SG","Laurance, SG_3","Laurance, SG_3","1","Laurance, SG","","","","","",""
"Laurance, WF","Laurance, WF_3","Laurance, WF_4","1","Laurance, WF","","","","","",""
"Lewis, SL","Lewis, SL_4","Lewis, SL_4","1","Lewis, SL","","","","","",""
"Montoya, LMM","Montoya, LMM_1",NA,NA,"Montoya, LMM","","","","","",""
"Monteagudo, A","Monteagudo, A_5","Monteagudo, A_6","1","Monteagudo, A","","","","","",""
"Neill, DA","Neill, DA_4","Neill, DA_6","1","Neill, DA","","","","","",""
"Vargas, PN","Vargas, PN_3","Vargas, PN_5","1","Vargas, PN","","","","","",""
"Patino, S","Patino, S_2","Patino, S_3","1","Patino, S","","","","","",""
"Pitman, NCA","Pitman, NCA_5","Pitman, NCA_8","1","Pitman, NCA","","","","","",""
"Quesada, CA","Quesada, CA_2","Quesada, CA_3","1","Quesada, CA","","","","","",""
"Salomao, R","Salomao, R_3","Salomao, R_4","1","Salomao, R","","","","","",""
"Silva, JNM","Silva, JNM_3","Silva, JNM_3","1","Silva, JNM","","","","","",""
"Lezama, AT","Lezama, AT_2","Lezama, AT_2","1","Lezama, AT","","","","","",""
"Martinez, RV","Martinez, RV_3","Martinez, RV_4","1","Martinez, RV","","","","","",""
"Terborgh, J","Terborgh, J_3","Terborgh, JW_2","0.983333333333333","Terborgh, J","","","","","",""
"Vinceti, B","Vinceti, B_2","Vinceti, B_3","1","Vinceti, B","","","","","",""
"Lloyd, J","Lloyd, J_2","Lloyd, J_3","1","Lloyd, J","","","","","",""
"Harley, P","Harley, P_1",NA,NA,"Harley, P","harley@ucar.edu","Natl Ctr Atmospher Res, Div Atmospher Chem, Boulder, CO 80307 USA.","Natl Ctr Atmospher Res, Div Atmospher Chem, 1850 Table Mesa Dr, Boulder, CO 80307 USA","","",""
"Vasconcellos, P","Vasconcellos, P_1",NA,NA,"Vasconcellos, P","","","","","",""
"Vierling, L","Vierling, L_1",NA,NA,"Vierling, L","","","","","",""
"Pinheiro, CCD","Pinheiro, CCD_1",NA,NA,"Pinheiro, CCD","","","","","",""
"Greenberg, J","Greenberg, J_1",NA,NA,"Greenberg, J","","","","","",""
"Guenther, A","Guenther, A_1",NA,NA,"Guenther, A","","","","","",""
"Klinger, L","Klinger, L_1",NA,NA,"Klinger, L","","","","","",""
"De Almeida, SS","De Almeida, SS_1",NA,NA,"De Almeida, SS","","","","","",""
"Neill, D","Neill, D_2","Neill, DA_6","0.977777777777778","Neill, D","","","","","",""
"Baker, T","Baker, T_1","Baker, T_2","1","Baker, T","","","","","",""
"Phillips, O","Phillips, O_1","Phillips, OL_6","0.983333333333333","Phillips, O","","","","","",""
"Malhi, Y","Malhi, Y_5","Malhi, Y_6","1","Malhi, Y","","","","","",""
"Valencia, R","Valencia, R_10","Valencia, R_12","1","Valencia, R","","Smithsonian Trop Res Inst, Ctr Trop Forest Sci, Unit 0948, APO, AA 34002 USA.","","","",""
"Foster, RB","Foster, RB_1",NA,NA,"Foster, RB","","","","","",""
"Villa, G","Villa, G_2","Villa, G_2","1","Villa, G","","","","","",""
"Condit, R","Condit, R_4","Condit, R_4","1","Condit, R","condit@ctfs.si.edu","","Smithsonian Trop Res Inst, Ctr Trop Forest Sci, Unit 0948, APO, AA 34002 USA","","",""
"Svenning, JC","Svenning, JC_1",NA,NA,"Svenning, JC","","","","","",""
"Hernandez, C","Hernandez, C_2","Hernandez, C_2","1","Hernandez, C","","","","","",""
"Romoleroux, K","Romoleroux, K_1",NA,NA,"Romoleroux, K","","","","","",""
"Losos, E","Losos, E_1","Losos, E_1","1","Losos, E","","","","","",""
"Magard, E","Magard, E_1",NA,NA,"Magard, E","","","","","",""
"Balslev, H","Balslev, H_2","Balslev, H_2","1","Balslev, H","","","","","",""
"Kattan, G","Kattan, G_1",NA,NA,"Kattan, G","gkattan@wcs.org","Wildlife Conservat Soc, Colombia Program, Cali, Colombia.","Wildlife Conservat Soc, Colombia Program, Apartado 25527, Cali, Colombia","","",""
"Hernandez, OL","Hernandez, OL_1",NA,NA,"Hernandez, OL","","","","","",""
"Goldstein, I","Goldstein, I_1",NA,NA,"Goldstein, I","","","","","",""
"Rojas, V","Rojas, V_1",NA,NA,"Rojas, V","","","","","",""
"Murillo, O","Murillo, O_1",NA,NA,"Murillo, O","","","","","",""
"Gomez, C","Gomez, C_1",NA,NA,"Gomez, C","","","","","",""
"Restrepo, H","Restrepo, H_1",NA,NA,"Restrepo, H","","","","","",""
"Cuesta, F","Cuesta, F_1",NA,NA,"Cuesta, F","","","","","",""
"Dvorak, M","Dvorak, M_1",NA,NA,"Dvorak, M","","Charles Darwin Res Stn, Isla Santa Cruz, Galapagos, Ecuador.","","","",""
"Vargas, H","Vargas, H_2","Vargas, H_2","1","Vargas, H","","","","","",""
"Fessl, B","Fessl, B_1",NA,NA,"Fessl, B","","","","","",""
"Tebbich, S","Tebbich, S_1",NA,NA,"Tebbich, S","","","Univ Cambridge, Dept Expt Psychol, Downing St, Cambridge CB2 3EB, England","","",""
"Okey, TA","Okey, TA_1",NA,NA,"Okey, TA","","Univ British Columbia, Fisheries Ctr, Vancouver, BC V6T 1Z4, Canada.","Univ British Columbia, Fisheries Ctr, 2204 Main Mall, Vancouver, BC V6T 1Z4, Canada","","",""
"Banks, S","Banks, S_2","Banks, S_2","1","Banks, S","","","","","",""
"Born, AR","Born, AR_1",NA,NA,"Born, AR","","","","","",""
"Bustamante, RH","Bustamante, RH_3","Bustamante, RH_5","1","Bustamante, RH","","","","","",""
"Calvopina, M","Calvopina, M_2","Calvopina, M_2","1","Calvopina, M","","","","","",""
"Edgar, GJ","Edgar, GJ_3","Edgar, GJ_3","1","Edgar, GJ","","","","","",""
"Espinoza, E","Espinoza, E_1",NA,NA,"Espinoza, E","","","","","",""
"Farina, JM","Farina, JM_2","Farina, JM_3","1","Farina, JM","","","","","",""
"Garske, LE","Garske, LE_2","Garske, LE_2","1","Garske, LE","","","","","",""
"Reck, GK","Reck, GK_1",NA,NA,"Reck, GK","","","","","",""
"Salazar, S","Salazar, S_2","Salazar, S_3","1","Salazar, S","","","","","",""
"Shepherd, S","Shepherd, S_1",NA,NA,"Shepherd, S","","","","","",""
"Toral-Granda, V","Toral-Granda, V_1",NA,NA,"Toral-Granda, V","","","","","",""
"Wallem, P","Wallem, P_1",NA,NA,"Wallem, P","","","","","",""
"Kottke, I","Kottke, I_2","Kottke, I_2","1","Kottke, I","","Univ Tubingen, Inst Syst Bot & Mycol, D-72076 Tubingen, Germany.","Univ Tubingen, Inst Syst Bot & Mycol, Morgenstelle 1, D-72076 Tubingen, Germany","","",""
"Beck, A","Beck, A_1",NA,NA,"Beck, A","","","","","",""
"Oberwinkler, F","Oberwinkler, F_2","Oberwinkler, F_2","1","Oberwinkler, F","","","","","",""
"Homeier, J","Homeier, J_2","Homeier, J_2","1","Homeier, J","","","","","",""
"Neill, D","Neill, D_3","Neill, DA_6","0.977777777777778","Neill, D","","","","","",""
"Donlan, CJ","Donlan, CJ_7","Donlan, CJ_7","1","Donlan, CJ","","Cornell Univ, Dept Ecol & Evolut Biol, Ithaca, NY 14853 USA.","Cornell Univ, Dept Ecol & Evolut Biol, Corson Hall, Ithaca, NY 14853 USA","","",""
"Tershy, BR","Tershy, BR_1",NA,NA,"Tershy, BR","","","","","",""
"Campbell, K","Campbell, K_7","Campbell, K_7","1","Campbell, K","","","","","",""
"Cruz, F","Cruz, F_6","Cruz, F_6","1","Cruz, F","","","","","",""
"Gonzalez, JA","Gonzalez, JA_2","Gonzalez, JA_2","1","Gonzalez, JA","","Univ Nacl Agraria La Molina, Area Fauna Silvestre & Parques Nacl, Lima, Peru.","Proyecto Araucaria Galapagos, Agcy Espanola Cooperac Int, Quito, Ecuador","","",""
"Burns, CE","Burns, CE_1",NA,NA,"Burns, CE","","Yale Univ, Dept Ecol & Evolut Biol, New Haven, CT 06520 USA.","Yale Univ, Dept Ecol & Evolut Biol, New Haven, CT 06520 USA","","",""
"Ciofi, C","Ciofi, C_1",NA,NA,"Ciofi, C","","","","","",""
"Beheregaray, LB","Beheregaray, LB_1",NA,NA,"Beheregaray, LB","","","","","",""
"Fritts, TH","Fritts, TH_1",NA,NA,"Fritts, TH","","","","","",""
"Gibbs, JP","Gibbs, JP_4","Gibbs, JP_4","1","Gibbs, JP","","","","","",""
"Marquez, C","Marquez, C_4","Marquez, C_4","1","Marquez, C","","","","","",""
"Milinkovitch, MC","Milinkovitch, MC_1",NA,NA,"Milinkovitch, MC","","","","","",""
"Powell, JR","Powell, JR_2","Powell, JR_2","1","Powell, JR","","","","","",""
"Caccone, A","Caccone, A_2","Caccone, A_2","1","Caccone, A","","","","","",""
"Ter Steege, H","Ter Steege, H_1",NA,NA,"Ter Steege, H","","Univ Utrecht, NHN, NL-3584 CS Utrecht, Netherlands.","Univ Utrecht, NHN, Heidelberglaan 2, NL-3584 CS Utrecht, Netherlands","","",""
"Pitman, N","Pitman, N_2","Pitman, NCA_8","0.963636363636364","Pitman, N","","","","","",""
"Sabatier, D","Sabatier, D_1",NA,NA,"Sabatier, D","","","","","",""
"Castellanos, H","Castellanos, H_1",NA,NA,"Castellanos, H","","","","","",""
"Van der Hout, P","Van der Hout, P_1",NA,NA,"Van der Hout, P","","","","","",""
"Daly, DC","Daly, DC_1",NA,NA,"Daly, DC","","","","","",""
"Silveira, M","Silveira, M_2","Silveira, M_3","1","Silveira, M","","","","","",""
"Phillips, O","Phillips, O_2","Phillips, OL_6","0.983333333333333","Phillips, O","","","","","",""
"Vasquez, R","Vasquez, R_2","Vasquez, R_2","1","Vasquez, R","","","","","",""
"Van Andel, T","Van Andel, T_1",NA,NA,"Van Andel, T","","","","","",""
"Duivenvoorden, J","Duivenvoorden, J_1",NA,NA,"Duivenvoorden, J","","","","","",""
"De Oliveira, AA","De Oliveira, AA_1",NA,NA,"De Oliveira, AA","","","","","",""
"Ek, R","Ek, R_1",NA,NA,"Ek, R","","","","","",""
"Lilwah, R","Lilwah, R_1",NA,NA,"Lilwah, R","","","","","",""
"Thomas, R","Thomas, R_1",NA,NA,"Thomas, R","","","","","",""
"Van Essen, J","Van Essen, J_1",NA,NA,"Van Essen, J","","","","","",""
"Baider, C","Baider, C_1",NA,NA,"Baider, C","","","","","",""
"Maas, P","Maas, P_1",NA,NA,"Maas, P","","","","","",""
"Mori, S","Mori, S_1",NA,NA,"Mori, S","","","","","",""
"Terborgh, J","Terborgh, J_4","Terborgh, JW_2","0.983333333333333","Terborgh, J","","","","","",""
"Vargas, PN","Vargas, PN_4","Vargas, PN_5","1","Vargas, PN","","","","","",""
"Mogollon, H","Mogollon, H_2","Mogollon, H_2","1","Mogollon, H","","","","","",""
"Morawetz, W","Morawetz, W_1",NA,NA,"Morawetz, W","","","","","",""
"Farina, JM","Farina, JM_3","Farina, JM_3","1","Farina, JM","","Pontificia Univ Catolica Chile, CASEB, Santiago, Chile.","Pontificia Univ Catolica Chile, CASEB, Alameda 340,CP 6513677, Santiago, Chile","","",""
"Salazar, S","Salazar, S_3","Salazar, S_3","1","Salazar, S","","","","","",""
"Wallem, KP","Wallem, KP_1",NA,NA,"Wallem, KP","","","","","",""
"Witman, JD","Witman, JD_1","Witman, JD_2","1","Witman, JD","","","","","",""
"Ellis, JC","Ellis, JC_1",NA,NA,"Ellis, JC","","","","","",""
"Tuomisto, H","Tuomisto, H_1","Tuomisto, H_2","1","Tuomisto, H","","Univ Turku, Dept Biol, FIN-20014 Turku, Finland.","Univ Turku, Dept Biol, FIN-20014 Turku, Finland","","",""
"Poulsen, AD","Poulsen, AD_1","Poulsen, AD_2","1","Poulsen, AD","","","","","",""
"Ruokolainen, K","Ruokolainen, K_1","Ruokolainen, K_2","1","Ruokolainen, K","","","","","",""
"Moran, RC","Moran, RC_1","Moran, RC_2","1","Moran, RC","","","","","",""
"Quintana, C","Quintana, C_1","Quintana, C_2","1","Quintana, C","","","","","",""
"Celi, J","Celi, J_1","Celi, J_2","1","Celi, J","","","","","",""
"Canas, G","Canas, G_1","Canas, G_2","1","Canas, G","","","","","",""
"Roberts, CM","Roberts, CM_1","Roberts, CM_2","1","Roberts, CM","","Univ York, Dept Environm, York YO10 5DD, N Yorkshire, England.","Univ York, Dept Environm, York YO10 5DD, N Yorkshire, England","","",""
"Andelman, S","Andelman, S_1",NA,NA,"Andelman, S","","","","","",""
"Branch, G","Branch, G_1","Branch, G_2","1","Branch, G","","","","","",""
"Bustamante, RH","Bustamante, RH_4","Bustamante, RH_5","1","Bustamante, RH","","","","","",""
"Castilla, JC","Castilla, JC_1","Castilla, JC_2","1","Castilla, JC","","","","","",""
"Dugan, J","Dugan, J_1","Dugan, J_2","1","Dugan, J","","","","","",""
"Halpern, BS","Halpern, BS_1","Halpern, BS_2","1","Halpern, BS","","","","","",""
"Lafferty, KD","Lafferty, KD_1","Lafferty, KD_2","1","Lafferty, KD","","","","","",""
"Leslie, H","Leslie, H_1","Leslie, H_2","1","Leslie, H","","","","","",""
"Lubchenco, J","Lubchenco, J_1","Lubchenco, J_2","1","Lubchenco, J","","","","","",""
"McArdle, D","McArdle, D_1","McArdle, D_2","1","McArdle, D","","","","","",""
"Possingham, HP","Possingham, HP_1",NA,NA,"Possingham, HP","","","","","",""
"Ruckelshaus, M","Ruckelshaus, M_1","Ruckelshaus, M_2","1","Ruckelshaus, M","","","","","",""
"Warner, RR","Warner, RR_2","Warner, RR_3","1","Warner, RR","","","","","",""
"Roberts, CM","Roberts, CM_2","Roberts, CM_2","1","Roberts, CM","","Univ York, Dept Environm, York YO10 5DD, N Yorkshire, England.","Univ York, Dept Environm, York YO10 5DD, N Yorkshire, England","","",""
"Branch, G","Branch, G_2","Branch, G_2","1","Branch, G","","","","","",""
"Bustamante, RH","Bustamante, RH_5","Bustamante, RH_5","1","Bustamante, RH","","","","","",""
"Castilla, JC","Castilla, JC_2","Castilla, JC_2","1","Castilla, JC","","","","","",""
"Dugan, J","Dugan, J_2","Dugan, J_2","1","Dugan, J","","","","","",""
"Halpern, BS","Halpern, BS_2","Halpern, BS_2","1","Halpern, BS","","","","","",""
"Lafferty, KD","Lafferty, KD_2","Lafferty, KD_2","1","Lafferty, KD","","","","","",""
"Leslie, H","Leslie, H_2","Leslie, H_2","1","Leslie, H","","","","","",""
"Lubchenco, J","Lubchenco, J_2","Lubchenco, J_2","1","Lubchenco, J","","","","","",""
"McArdle, D","McArdle, D_2","McArdle, D_2","1","McArdle, D","","","","","",""
"Ruckelshaus, M","Ruckelshaus, M_2","Ruckelshaus, M_2","1","Ruckelshaus, M","","","","","",""
"Warner, RR","Warner, RR_3","Warner, RR_3","1","Warner, RR","","","","","",""
"Vanacker, V","Vanacker, V_1",NA,NA,"Vanacker, V","","Fund Sci Res Flanders FWO, Brussels, Belgium.","Fund Sci Res Flanders FWO, Brussels, Belgium","","",""
"Govers, G","Govers, G_1",NA,NA,"Govers, G","","","","","",""
"Barros, S","Barros, S_1",NA,NA,"Barros, S","","","","","",""
"Poesen, J","Poesen, J_1",NA,NA,"Poesen, J","","","","","",""
"Deckers, J","Deckers, J_1",NA,NA,"Deckers, J","","","","","",""
"Witman, JD","Witman, JD_2","Witman, JD_2","1","Witman, JD","","Brown Univ, Dept Ecol & Evolutionary Biol, Providence, RI 02912 USA.","Brown Univ, Dept Ecol & Evolutionary Biol, Box G-W, Providence, RI 02912 USA","","",""
"Smith, F","Smith, F_1","Smith, F_2","1","Smith, F","","","","","",""
"Tuomisto, H","Tuomisto, H_2","Tuomisto, H_2","1","Tuomisto, H","","Univ Turku, Dept Biol, FIN-20014 Turku, Finland.","New York Bot Garden, Bronx, NY 10458 USA","","",""
"Ruokolainen, K","Ruokolainen, K_2","Ruokolainen, K_2","1","Ruokolainen, K","","","","","",""
"Poulsen, AD","Poulsen, AD_2","Poulsen, AD_2","1","Poulsen, AD","","","","","",""
"Moran, RC","Moran, RC_2","Moran, RC_2","1","Moran, RC","","","","","",""
"Quintana, C","Quintana, C_2","Quintana, C_2","1","Quintana, C","","","","","",""
"Canas, G","Canas, G_2","Canas, G_2","1","Canas, G","","","","","",""
"Celi, J","Celi, J_2","Celi, J_2","1","Celi, J","","","","","",""
"Pitman, NCA","Pitman, NCA_6","Pitman, NCA_8","1","Pitman, NCA","","Duke Univ, Ctr Trop Conservat, Durham, NC 27708 USA.","Duke Univ, Ctr Trop Conservat, Box 90381, Durham, NC 27708 USA","","",""
"Terborgh, JW","Terborgh, JW_1","Terborgh, JW_2","1","Terborgh, JW","","","","","",""
"Silman, MR","Silman, MR_1","Silman, MR_2","1","Silman, MR","","","","","",""
"Nunez, P","Nunez, P_1","Nunez, P_2","1","Nunez, P","","","","","",""
"Neill, DA","Neill, DA_5","Neill, DA_6","1","Neill, DA","","","","","",""
"Ceron, CE","Ceron, CE_3","Ceron, CE_4","1","Ceron, CE","","","","","",""
"Palacios, WA","Palacios, WA_2","Palacios, WA_3","1","Palacios, WA","","","","","",""
"Aulestia, M","Aulestia, M_2","Aulestia, M_3","1","Aulestia, M","","","","","",""
"Pitman, NCA","Pitman, NCA_7","Pitman, NCA_8","1","Pitman, NCA","","Duke Univ, Ctr Trop Conservat, Durham, NC 27708 USA.","Duke Univ, Ctr Trop Conservat, Box 90381, Durham, NC 27708 USA","","",""
"Jorgensen, PM","Jorgensen, PM_2","Jorgensen, PM_2","1","Jorgensen, PM","","","","","",""
"Williams, RSR","Williams, RSR_1",NA,NA,"Williams, RSR","","","","","",""
"Leon-Yanez, S","Leon-Yanez, S_1",NA,NA,"Leon-Yanez, S","","","","","",""
"Valencia, R","Valencia, R_11","Valencia, R_12","1","Valencia, R","","","","","",""
"Muchhala, N","Muchhala, N_1",NA,NA,"Muchhala, N","","Univ Miami, Dept Biol, Coral Gables, FL 33124 USA.","Univ Miami, Dept Biol, POB 249118, Coral Gables, FL 33124 USA","","",""
"Jarrin-V, P","Jarrin-V, P_1",NA,NA,"Jarrin-V, P","","","","","",""
"Fehse, J","Fehse, J_1","Fehse, J_2","1","Fehse, J","","Univ Amsterdam, Inst Biodivers & Ecosyst Dynam, NL-1018 WV Amsterdam, Netherlands.","","","",""
"Hofstede, R","Hofstede, R_1","Hofstede, RGM_2","0.969230769230769","Hofstede, R","","","","","",""
"Aguirre, N","Aguirre, N_2","Aguirre, N_2","1","Aguirre, N","","","","","",""
"Paladines, C","Paladines, C_1",NA,NA,"Paladines, C","","","","","",""
"Kooijman, A","Kooijman, A_1",NA,NA,"Kooijman, A","","","","","",""
"Sevink, J","Sevink, J_1","Sevink, J_2","1","Sevink, J","","","Univ Amsterdam, Inst Biodivers & Ecosyst Dynam, Nieuwe Achtergracht 166, NL-1018 WV Amsterdam, Netherlands","","",""
"Toral, E","Toral, E_2","Toral, E_2","1","Toral, E","","EcoCiencia, Fdn Ecuatoriana Estudios Ecol, Quito, Ecuador.","Tarqui 1926 & Eugenio Espejo, Cuenca, Ecuador","","",""
"Feinsinger, P","Feinsinger, P_1",NA,NA,"Feinsinger, P","","","","","",""
"Crump, ML","Crump, ML_1",NA,NA,"Crump, ML","","","","","",""
"Malhi, Y","Malhi, Y_6","Malhi, Y_6","1","Malhi, Y","","Univ Edinburgh, Inst Ecol & Resource Management, Edinburgh EH9 3JU, Midlothian, Scotland.","Univ Edinburgh, Inst Ecol & Resource Management, Darwin Bldg,Mayfield Rd, Edinburgh EH9 3JU, Midlothian, Scotland","","",""
"Phillips, OL","Phillips, OL_6","Phillips, OL_6","1","Phillips, OL","","","","","",""
"Lloyd, J","Lloyd, J_3","Lloyd, J_3","1","Lloyd, J","","","","","",""
"Baker, T","Baker, T_2","Baker, T_2","1","Baker, T","","","","","",""
"Wright, J","Wright, J_2","Wright, J_2","1","Wright, J","","","","","",""
"Almeida, S","Almeida, S_5","Almeida, S_5","1","Almeida, S","","","","","",""
"Arroyo, L","Arroyo, L_5","Arroyo, L_5","1","Arroyo, L","","","","","",""
"Frederiksen, T","Frederiksen, T_1",NA,NA,"Frederiksen, T","","","","","",""
"Grace, J","Grace, J_1",NA,NA,"Grace, J","","","","","",""
"Higuchi, N","Higuchi, N_4","Higuchi, N_4","1","Higuchi, N","","","","","",""
"Killeen, T","Killeen, T_2","Killeen, T_2","1","Killeen, T","","","","","",""
"Laurance, WF","Laurance, WF_4","Laurance, WF_4","1","Laurance, WF","","","","","",""
"Leano, C","Leano, C_1",NA,NA,"Leano, C","","","","","",""
"Lewis, S","Lewis, S_1","Lewis, S_1","1","Lewis, S","","","","","",""
"Meir, P","Meir, P_2","Meir, P_2","1","Meir, P","","","","","",""
"Monteagudo, A","Monteagudo, A_6","Monteagudo, A_6","1","Monteagudo, A","","","","","",""
"Neill, D","Neill, D_4","Neill, DA_6","0.977777777777778","Neill, D","","","","","",""
"Vargas, PN","Vargas, PN_5","Vargas, PN_5","1","Vargas, PN","","","","","",""
"Panfil, SN","Panfil, SN_1",NA,NA,"Panfil, SN","","","","","",""
"Patino, S","Patino, S_3","Patino, S_3","1","Patino, S","","","","","",""
"Pitman, N","Pitman, N_3","Pitman, NCA_8","0.963636363636364","Pitman, N","","","","","",""
"Quesada, CA","Quesada, CA_3","Quesada, CA_3","1","Quesada, CA","","","","","",""
"Rudas-Ll, A","Rudas-Ll, A_1",NA,NA,"Rudas-Ll, A","","","","","",""
"Salomao, R","Salomao, R_4","Salomao, R_4","1","Salomao, R","","","","","",""
"Saleska, S","Saleska, S_1",NA,NA,"Saleska, S","","","","","",""
"Silva, N","Silva, N_2","Silva, N_2","1","Silva, N","","","","","",""
"Silveira, M","Silveira, M_3","Silveira, M_3","1","Silveira, M","","","","","",""
"Sombroek, WG","Sombroek, WG_1",NA,NA,"Sombroek, WG","","","","","",""
"Valencia, R","Valencia, R_12","Valencia, R_12","1","Valencia, R","","","","","",""
"Martinez, RV","Martinez, RV_4","Martinez, RV_4","1","Martinez, RV","","","","","",""
"Vieira, ICG","Vieira, ICG_1",NA,NA,"Vieira, ICG","","","","","",""
"Vinceti, B","Vinceti, B_3","Vinceti, B_3","1","Vinceti, B","","","","","",""
"Wille, M","Wille, M_1",NA,NA,"Wille, M","","Univ Amsterdam, IBED, Dept Palynol & Paleo Actuoecol, Ctr Geoecol Res,ICG, NL-1098 SM Amsterdam, Netherlands.","","","",""
"Hooghiemstra, H","Hooghiemstra, H_1",NA,NA,"Hooghiemstra, H","","","Univ Amsterdam, IBED, Dept Palynol & Paleo Actuoecol, Ctr Geoecol Res,ICG, Kruislaan 318, NL-1098 SM Amsterdam, Netherlands","","",""
"Hofstede, R","Hofstede, R_2","Hofstede, RGM_2","0.969230769230769","Hofstede, R","","","","","",""
"Fehse, J","Fehse, J_2","Fehse, J_2","1","Fehse, J","","","","","",""
"Sevink, J","Sevink, J_2","Sevink, J_2","1","Sevink, J","","","","","",""
"Jordan, MA","Jordan, MA_1",NA,NA,"Jordan, MA","","Univ New Mexico, Dept Biol, Albuquerque, NM 87131 USA.","Zool Soc London, Inst Zool, Regents Pk, London NW1 4RY, England","","",""
"Snell, HL","Snell, HL_1",NA,NA,"Snell, HL","","","","","",""
"Young, BE","Young, BE_1",NA,NA,"Young, BE","","Assoc Biodivers Informat, Arlington, VA 22209 USA.","Assoc Biodivers Informat, 1101 Wilson Blvd, Arlington, VA 22209 USA","","",""
"Lips, KR","Lips, KR_1",NA,NA,"Lips, KR","","","","","",""
"Reaser, JK","Reaser, JK_1",NA,NA,"Reaser, JK","","","","","",""
"Ibanez, R","Ibanez, R_1",NA,NA,"Ibanez, R","","","","","",""
"Salas, AW","Salas, AW_1",NA,NA,"Salas, AW","","","","","",""
"Cedeno, JR","Cedeno, JR_1",NA,NA,"Cedeno, JR","","","","","",""
"Coloma, LA","Coloma, LA_2","Coloma, LA_2","1","Coloma, LA","","","","","",""
"Ron, S","Ron, S_1","Ron, S_1","1","Ron, S","","","","","",""
"La Marca, E","La Marca, E_1",NA,NA,"La Marca, E","","","","","",""
"Meyer, JR","Meyer, JR_1",NA,NA,"Meyer, JR","","","","","",""
"Munoz, A","Munoz, A_1","Munoz, A_1","1","Munoz, A","","","","","",""
"Bolanos, F","Bolanos, F_1",NA,NA,"Bolanos, F","","","","","",""
"Chaves, G","Chaves, G_1",NA,NA,"Chaves, G","","","","","",""
"Romo, D","Romo, D_1",NA,NA,"Romo, D","","","","","",""
"Pitman, NCA","Pitman, NCA_8","Pitman, NCA_8","1","Pitman, NCA","","Duke Univ, Ctr Trop Conservat, Durham, NC 27708 USA.","Duke Univ, Ctr Trop Conservat, Box 90381, Durham, NC 27708 USA","","",""
"Terborgh, JW","Terborgh, JW_2","Terborgh, JW_2","1","Terborgh, JW","","","","","",""
"Silman, MR","Silman, MR_2","Silman, MR_2","1","Silman, MR","","","","","",""
"Nunez, P","Nunez, P_2","Nunez, P_2","1","Nunez, P","","","","","",""
"Neill, DA","Neill, DA_6","Neill, DA_6","1","Neill, DA","","","","","",""
"Ceron, CE","Ceron, CE_4","Ceron, CE_4","1","Ceron, CE","","","","","",""
"Palacios, WA","Palacios, WA_3","Palacios, WA_3","1","Palacios, WA","","","","","",""
"Aulestia, M","Aulestia, M_3","Aulestia, M_3","1","Aulestia, M","","","","","",""
"Hofstede, RGM","Hofstede, RGM_2","Hofstede, RGM_2","1","Hofstede, RGM","","Univ Otago, Dept Bot, Dunedin, New Zealand.","","","",""
"Dickinson, KJM","Dickinson, KJM_1",NA,NA,"Dickinson, KJM","","","Univ Otago, Dept Bot, POB 56, Dunedin, New Zealand","","",""
"Mark, AF","Mark, AF_1",NA,NA,"Mark, AF","","","","","",""
"Canaday, C","Canaday, C_1",NA,NA,"Canaday, C","","CECIA, Quito, Ecuador.","CECIA, Quito, Ecuador, Ecuador","","",""
"Rivadeneyra, J","Rivadeneyra, J_1",NA,NA,"Rivadeneyra, J","","CECIA, Quito, Ecuador.","","","",""
"Smith, F","Smith, F_2","Smith, F_2","1","Smith, F","","Univ Otago, Dept Marine Sci, Dunedin, New Zealand.","Estac Cientif Charles Darwin, Programa Invest Monitoreo Ecosistema & Communidad, Av 6 Diciembre & Pasaje Calif,N 36-109, Quito, Ecuador","","",""
"Greeney, HF","Greeney, HF_3","Greeney, HF_3","1","Greeney, HF","","Univ Arizona, Dept Entomol, Tucson, AZ 85721 USA.","FEPIN, Yanayacu Biol Stn, Carr 21-01 & Juan Leon Mera, Quito, Ecuador","","",""
"Anthelme, Fabien","Anthelme, Fabien_1",NA,NA,"Anthelme, Fabien","",NA,"","","",""
"Gomez-Aparicio, Lorena","Gomez-Aparicio, Lorena_1",NA,NA,"Gomez-Aparicio, Lorena","",NA,"","","",""
"Montufar, Rommel","Montufar, Rommel_1",NA,NA,"Montufar, Rommel","",NA,"","","",""
